{"stat.pickup.minecraft.rotten_flesh":2,"stat.walkOneCm":20612,"stat.entityKilledBy.Spider":1,"stat.killEntity.Chicken":3,"stat.useItem.minecraft.egg":4,"stat.leaveGame":1,"stat.damageTaken":412,"stat.pickup.minecraft.feather":4,"stat.pickup.minecraft.leather":3,"stat.killEntity.Spider":1,"stat.useItem.minecraft.chicken":2,"stat.mineBlock.minecraft.double_plant":1,"stat.mobKills":6,"stat.useItem.minecraft.beef":3,"stat.useItem.minecraft.rotten_flesh":1,"stat.flyOneCm":41587,"stat.deaths":1,"stat.pickup.minecraft.wheat_seeds":3,"stat.jump":189,"stat.swimOneCm":1936,"stat.pickup.minecraft.egg":5,"stat.playOneMinute":5659,"stat.fallOneCm":5530,"stat.pickup.minecraft.beef":3,"stat.pickup.minecraft.red_flower":1,"stat.sneakTime":158,"stat.damageDealt":644,"stat.crouchOneCm":938,"stat.pickup.minecraft.chicken":3,"stat.killEntity.Zombie":1,"stat.timeSinceDeath":1077,"stat.killEntity.Cow":2,"stat.pickup.minecraft.dirt":2,"stat.sprintOneCm":36184,"stat.mineBlock.minecraft.tallgrass":57,"stat.diveOneCm":2659}