{"stats":{"minecraft:picked_up":{"minecraft:cocoa_beans":5,"minecraft:crafting_table":1,"minecraft:jungle_log":19,"minecraft:melon_slice":5},"minecraft:used":{"minecraft:wooden_axe":29,"minecraft:crafting_table":1,"minecraft:melon_slice":5},"minecraft:custom":{"minecraft:open_barrel":1,"minecraft:time_since_rest":8753,"minecraft:crouch_one_cm":101,"minecraft:play_time":8753,"minecraft:sprint_one_cm":28633,"minecraft:damage_taken":155,"minecraft:walk_one_cm":21786,"minecraft:sneak_time":58,"minecraft:trigger_trapped_chest":1,"minecraft:mob_kills":2,"minecraft:jump":113,"minecraft:damage_dealt":381,"minecraft:time_since_death":8753,"minecraft:total_world_time":8753,"minecraft:climb_one_cm":4653,"minecraft:interact_with_crafting_table":1,"minecraft:fall_one_cm":1863,"minecraft:fly_one_cm":7250},"minecraft:crafted":{"minecraft:crafting_table":1,"minecraft:stick":24,"minecraft:wooden_pickaxe":1,"minecraft:jungle_planks":48,"minecraft:wooden_axe":1},"minecraft:killed":{"alexsmobs:seagull":1,"iceandfire:ghost":1},"minecraft:mined":{"minecraft:grass":3,"minecraft:melon":1,"minecraft:vine":4,"minecraft:jungle_log":19,"minecraft:crafting_table":1}},"DataVersion":3465}