{"stats":{"minecraft:picked_up":{"minecraft:cocoa_beans":5,"minecraft:crafting_table":3,"minecraft:wheat":2,"minecraft:chicken":4,"minecraft:brown_mushroom":23,"minecraft:string":2,"minecraft:red_bed":1,"minecraft:sea_pickle":2,"minecraft:smooth_stone":2,"minecraft:cobbled_deepslate":43,"minecraft:iron_pickaxe":1,"minecraft:light_gray_wool":1,"minecraft:melon_slice":59,"minecraft:birch_sapling":1,"minecraft:raw_iron":17,"minecraft:stick":7,"minecraft:acacia_fence":1,"ecologics:coconut_slice":4,"minecraft:torch":20,"minecraft:green_bed":1,"minecraft:porkchop":17,"minecraft:redstone":15,"minecraft:arrow":16,"minecraft:rotten_flesh":11,"minecraft:cooked_cod":13,"minecraft:hay_block":11,"minecraft:gold_ingot":1,"minecraft:mutton":8,"minecraft:cobblestone":42,"minecraft:white_wool":3,"minecraft:feather":2,"minecraft:jungle_log":19,"minecraft:tuff":2,"minecraft:oak_log":3,"minecraft:yellow_bed":6,"minecraft:bone":8,"minecraft:apple":1,"minecraft:wheat_seeds":65,"minecraft:raw_gold":39,"minecraft:rabbit_hide":2,"minecraft:iron_ingot":1,"minecraft:rabbit":3,"minecraft:iron_sword":1,"minecraft:cooked_porkchop":2,"minecraft:pumpkin":5,"minecraft:gravel":2,"minecraft:iron_hoe":1,"minecraft:slime_ball":14,"minecraft:diamond":4,"minecraft:spruce_boat":1,"minecraft:bone_meal":1,"minecraft:gray_wool":1,"minecraft:chainmail_helmet":1,"minecraft:spruce_sign":1,"minecraft:bread":20,"minecraft:oak_sapling":3,"minecraft:coal":93,"iceandfire:raw_silver":3},"minecraft:used":{"iceandfire:silver_sword":68,"minecraft:tropical_fish":17,"minecraft:dried_kelp":15,"minecraft:chest":1,"minecraft:cooked_chicken":4,"minecraft:torch":104,"minecraft:mutton":16,"minecraft:jungle_planks":4,"minecraft:iron_hoe":250,"minecraft:spruce_boat":1,"minecraft:wooden_axe":84,"minecraft:hay_block":1,"minecraft:furnace":2,"minecraft:cooked_cod":6,"minecraft:potato":9,"minecraft:cobbled_deepslate":11,"minecraft:pumpkin":4,"minecraft:cooked_mutton":3,"minecraft:rabbit":1,"minecraft:stone_pickaxe":134,"minecraft:wooden_pickaxe":37,"minecraft:green_bed":1,"minecraft:white_wool":3,"minecraft:golden_apple":1,"minecraft:glow_berries":7,"minecraft:crafting_table":7,"minecraft:red_bed":1,"minecraft:mushroom_stew":4,"minecraft:cod":5,"minecraft:apple":1,"minecraft:melon_slice":35,"minecraft:bread":30,"minecraft:iron_pickaxe":110,"ecologics:coconut_slice":4,"minecraft:stone_axe":124,"minecraft:fishing_rod":12,"minecraft:potion":1,"minecraft:cobblestone":5,"minecraft:cooked_porkchop":2,"minecraft:porkchop":13,"minecraft:cooked_rabbit":2,"minecraft:yellow_bed":4,"minecraft:sea_pickle":1},"minecraft:dropped":{"minecraft:spruce_sign":1,"minecraft:wheat_seeds":62,"minecraft:glass_bottle":1,"minecraft:cooked_cod":26,"minecraft:melon_slice":24,"minecraft:pumpkin":1,"minecraft:smooth_stone":2,"minecraft:kelp":25,"minecraft:cocoa_beans":5,"minecraft:bowl":4,"minecraft:tuff":2,"minecraft:wheat":2,"minecraft:birch_sapling":1,"minecraft:rotten_flesh":11,"minecraft:iron_hoe":2,"minecraft:salmon":15,"minecraft:rabbit_hide":1,"minecraft:potato":4,"minecraft:sea_pickle":1,"minecraft:yellow_bed":1,"ecologics:coconut_husk":4,"minecraft:oak_sapling":1,"minecraft:stone_pickaxe":1,"minecraft:wooden_pickaxe":1},"minecraft:custom":{"minecraft:mob_kills":62,"minecraft:interact_with_crafting_table":24,"minecraft:open_barrel":41,"minecraft:eat_cake_slice":2,"minecraft:time_since_death":140753,"minecraft:climb_one_cm":17143,"minecraft:sprint_one_cm":727888,"minecraft:walk_one_cm":408067,"minecraft:drop":68,"minecraft:talked_to_villager":1,"minecraft:play_time":140753,"minecraft:sneak_time":1159,"minecraft:walk_under_water_one_cm":16005,"minecraft:boat_one_cm":34032,"minecraft:jump":2244,"minecraft:walk_on_water_one_cm":49261,"minecraft:total_world_time":140753,"minecraft:interact_with_furnace":18,"minecraft:interact_with_loom":1,"minecraft:sleep_in_bed":3,"minecraft:time_since_rest":15840,"minecraft:damage_taken":3650,"minecraft:trigger_trapped_chest":2,"minecraft:damage_dealt":5932,"minecraft:swim_one_cm":46251,"minecraft:fly_one_cm":273660,"minecraft:open_chest":18,"minecraft:crouch_one_cm":2668,"minecraft:fall_one_cm":49753},"minecraft:killed":{"alexsmobs:seagull":1,"minecraft:slime":21,"minecraft:skeleton":8,"minecraft:chicken":4,"minecraft:pig":9,"minecraft:rabbit":3,"minecraft:creeper":1,"minecraft:sheep":5,"minecraft:zombie":7,"iceandfire:ghost":1},"minecraft:crafted":{"minecraft:oak_planks":12,"minecraft:cooked_chicken":4,"minecraft:furnace":2,"minecraft:mushroom_stew":4,"minecraft:cooked_mutton":3,"minecraft:iron_hoe":2,"minecraft:stone_pickaxe":1,"minecraft:chest":1,"minecraft:cooked_rabbit":2,"minecraft:wheat":54,"minecraft:cooked_cod":19,"minecraft:cooked_porkchop":2,"minecraft:crafting_table":4,"minecraft:wooden_pickaxe":1,"minecraft:bowl":4,"minecraft:stone_axe":2,"minecraft:bread":6,"minecraft:jungle_planks":76,"minecraft:stick":52,"minecraft:wooden_axe":2,"minecraft:torch":84},"minecraft:mined":{"minecraft:tuff":2,"iceandfire:silver_ore":3,"minecraft:deepslate_diamond_ore":4,"minecraft:sculk_vein":29,"minecraft:jungle_log":19,"iceandfire:deepslate_silver_ore":2,"minecraft:spawner":1,"minecraft:smooth_stone":2,"minecraft:hay_block":14,"minecraft:iron_ore":7,"minecraft:andesite":2,"minecraft:pumpkin":5,"minecraft:deepslate_lapis_ore":1,"minecraft:deepslate_iron_ore":7,"minecraft:vine":7,"minecraft:stone":35,"minecraft:green_bed":1,"minecraft:brown_mushroom":6,"minecraft:red_bed":1,"minecraft:crafting_table":4,"minecraft:torch":6,"minecraft:melon":11,"minecraft:sculk_sensor":1,"minecraft:cobblestone":3,"minecraft:deepslate_gold_ore":18,"minecraft:sculk":222,"minecraft:wall_torch":11,"naturalist:duckweed":1,"minecraft:sea_pickle":1,"minecraft:wheat":5,"minecraft:yellow_bed":5,"minecraft:grass":14,"minecraft:coal_ore":92,"minecraft:acacia_fence":1,"minecraft:gravel":2,"minecraft:cobweb":2,"minecraft:gold_ore":21,"minecraft:oak_leaves":17,"minecraft:deepslate":42,"minecraft:fern":1},"minecraft:broken":{"minecraft:stone_axe":1,"minecraft:wooden_axe":2,"minecraft:iron_hoe":1}},"DataVersion":3465}