{"stats":{"minecraft:picked_up":{"minecraft:cocoa_beans":5,"minecraft:crafting_table":2,"minecraft:feather":2,"minecraft:chicken":4,"minecraft:jungle_log":19,"minecraft:brown_mushroom":23,"minecraft:yellow_bed":2,"minecraft:red_bed":1,"minecraft:bone":6,"minecraft:sea_pickle":2,"minecraft:wheat_seeds":12,"minecraft:rabbit_hide":1,"minecraft:light_gray_wool":1,"minecraft:rabbit":2,"minecraft:melon_slice":59,"minecraft:stick":1,"minecraft:raw_iron":7,"minecraft:pumpkin":5,"minecraft:torch":8,"minecraft:green_bed":1,"minecraft:porkchop":2,"minecraft:arrow":9,"minecraft:rotten_flesh":2,"minecraft:slime_ball":14,"minecraft:hay_block":2,"minecraft:gray_wool":1,"minecraft:bread":3,"minecraft:oak_sapling":2,"minecraft:mutton":3,"iceandfire:raw_silver":2,"minecraft:coal":90,"minecraft:cobblestone":33},"minecraft:used":{"minecraft:stone_pickaxe":126,"minecraft:chest":1,"minecraft:wooden_pickaxe":37,"minecraft:cooked_chicken":4,"minecraft:torch":5,"minecraft:crafting_table":5,"minecraft:wooden_axe":84,"minecraft:bread":13,"minecraft:melon_slice":35,"minecraft:stone_axe":69,"minecraft:cobblestone":3,"minecraft:furnace":1,"minecraft:sea_pickle":1,"minecraft:potato":9,"minecraft:pumpkin":4},"minecraft:dropped":{"minecraft:wheat_seeds":12,"minecraft:cocoa_beans":5,"minecraft:rotten_flesh":2,"minecraft:salmon":15,"minecraft:potato":4,"minecraft:melon_slice":24,"minecraft:pumpkin":1,"minecraft:wooden_pickaxe":1},"minecraft:custom":{"minecraft:interact_with_furnace":9,"minecraft:mob_kills":37,"minecraft:interact_with_crafting_table":11,"minecraft:open_barrel":32,"minecraft:eat_cake_slice":2,"minecraft:time_since_death":56753,"minecraft:climb_one_cm":12798,"minecraft:time_since_rest":56753,"minecraft:sprint_one_cm":223022,"minecraft:walk_one_cm":192816,"minecraft:damage_taken":1134,"minecraft:trigger_trapped_chest":1,"minecraft:drop":35,"minecraft:damage_dealt":2143,"minecraft:swim_one_cm":15017,"minecraft:fly_one_cm":88143,"minecraft:open_chest":11,"minecraft:crouch_one_cm":445,"minecraft:play_time":56753,"minecraft:sneak_time":255,"minecraft:walk_under_water_one_cm":846,"minecraft:jump":935,"minecraft:walk_on_water_one_cm":21884,"minecraft:total_world_time":56753,"minecraft:fall_one_cm":18935},"minecraft:crafted":{"minecraft:cooked_porkchop":2,"minecraft:crafting_table":3,"minecraft:wooden_pickaxe":1,"minecraft:cooked_chicken":4,"minecraft:furnace":1,"minecraft:stone_axe":1,"minecraft:cooked_mutton":3,"minecraft:bread":6,"minecraft:jungle_planks":76,"minecraft:stick":24,"minecraft:stone_pickaxe":1,"minecraft:wooden_axe":2,"minecraft:chest":1,"minecraft:torch":8,"minecraft:wheat":18},"minecraft:killed":{"minecraft:pig":1,"minecraft:rabbit":2,"alexsmobs:seagull":1,"minecraft:slime":21,"minecraft:sheep":2,"minecraft:skeleton":4,"minecraft:zombie":1,"iceandfire:ghost":1,"minecraft:chicken":4},"minecraft:mined":{"minecraft:brown_mushroom":6,"iceandfire:silver_ore":3,"minecraft:red_bed":1,"minecraft:crafting_table":3,"minecraft:torch":2,"minecraft:melon":11,"minecraft:jungle_log":19,"minecraft:wall_torch":5,"minecraft:spawner":1,"minecraft:hay_block":2,"naturalist:duckweed":1,"minecraft:sea_pickle":1,"minecraft:iron_ore":7,"minecraft:pumpkin":5,"minecraft:yellow_bed":2,"minecraft:grass":13,"minecraft:coal_ore":90,"minecraft:vine":6,"minecraft:stone":33,"minecraft:green_bed":1,"minecraft:oak_leaves":8,"minecraft:fern":1},"minecraft:broken":{"minecraft:wooden_axe":2}},"DataVersion":3465}