{"stats":{"minecraft:picked_up":{"minecraft:cocoa_beans":5,"minecraft:crafting_table":3,"minecraft:chicken":4,"minecraft:brown_mushroom":23,"minecraft:string":1,"minecraft:red_bed":1,"minecraft:sea_pickle":2,"minecraft:iron_pickaxe":1,"minecraft:light_gray_wool":1,"minecraft:melon_slice":59,"minecraft:birch_sapling":1,"minecraft:raw_iron":10,"minecraft:stick":7,"ecologics:coconut_slice":4,"minecraft:torch":9,"minecraft:green_bed":1,"minecraft:porkchop":15,"minecraft:redstone":15,"minecraft:arrow":9,"minecraft:rotten_flesh":5,"minecraft:cooked_cod":13,"minecraft:hay_block":7,"minecraft:mutton":8,"minecraft:cobblestone":40,"minecraft:white_wool":3,"minecraft:feather":2,"minecraft:jungle_log":19,"minecraft:tuff":1,"minecraft:oak_log":3,"minecraft:yellow_bed":5,"minecraft:bone":7,"minecraft:apple":1,"minecraft:wheat_seeds":62,"minecraft:rabbit_hide":2,"minecraft:rabbit":3,"minecraft:pumpkin":5,"minecraft:iron_hoe":1,"minecraft:slime_ball":14,"minecraft:diamond":2,"minecraft:spruce_boat":1,"minecraft:bone_meal":1,"minecraft:gray_wool":1,"minecraft:spruce_sign":1,"minecraft:bread":3,"minecraft:oak_sapling":3,"minecraft:coal":90,"iceandfire:raw_silver":2},"minecraft:used":{"iceandfire:silver_sword":27,"minecraft:tropical_fish":17,"minecraft:dried_kelp":5,"minecraft:chest":1,"minecraft:cooked_chicken":4,"minecraft:torch":44,"minecraft:mutton":12,"minecraft:jungle_planks":4,"minecraft:spruce_boat":1,"minecraft:wooden_axe":84,"minecraft:hay_block":1,"minecraft:furnace":2,"minecraft:cooked_cod":6,"minecraft:potato":9,"minecraft:pumpkin":4,"minecraft:cooked_mutton":3,"minecraft:rabbit":1,"minecraft:stone_pickaxe":133,"minecraft:wooden_pickaxe":37,"minecraft:green_bed":1,"minecraft:white_wool":3,"minecraft:crafting_table":7,"minecraft:red_bed":1,"minecraft:mushroom_stew":4,"minecraft:cod":5,"minecraft:apple":1,"minecraft:melon_slice":35,"minecraft:bread":13,"minecraft:iron_pickaxe":4,"ecologics:coconut_slice":4,"minecraft:stone_axe":124,"minecraft:fishing_rod":9,"minecraft:potion":1,"minecraft:cobblestone":3,"minecraft:cooked_porkchop":2,"minecraft:porkchop":13,"minecraft:cooked_rabbit":2,"minecraft:yellow_bed":3,"minecraft:sea_pickle":1},"minecraft:dropped":{"minecraft:spruce_sign":1,"minecraft:wheat_seeds":62,"minecraft:glass_bottle":1,"minecraft:cooked_cod":26,"minecraft:melon_slice":24,"minecraft:pumpkin":1,"minecraft:kelp":25,"minecraft:cocoa_beans":5,"minecraft:bowl":4,"minecraft:birch_sapling":1,"minecraft:rotten_flesh":2,"minecraft:iron_hoe":2,"minecraft:salmon":15,"minecraft:rabbit_hide":1,"minecraft:potato":4,"minecraft:yellow_bed":1,"ecologics:coconut_husk":4,"minecraft:oak_sapling":1,"minecraft:wooden_pickaxe":1},"minecraft:custom":{"minecraft:mob_kills":53,"minecraft:interact_with_crafting_table":21,"minecraft:open_barrel":41,"minecraft:eat_cake_slice":2,"minecraft:time_since_death":104753,"minecraft:climb_one_cm":15246,"minecraft:sprint_one_cm":544766,"minecraft:walk_one_cm":317562,"minecraft:drop":61,"minecraft:talked_to_villager":1,"minecraft:play_time":104753,"minecraft:sneak_time":452,"minecraft:walk_under_water_one_cm":10531,"minecraft:boat_one_cm":34032,"minecraft:jump":1589,"minecraft:walk_on_water_one_cm":31480,"minecraft:total_world_time":104753,"minecraft:interact_with_furnace":15,"minecraft:interact_with_loom":1,"minecraft:sleep_in_bed":2,"minecraft:time_since_rest":17720,"minecraft:damage_taken":2830,"minecraft:trigger_trapped_chest":2,"minecraft:damage_dealt":4538,"minecraft:swim_one_cm":45737,"minecraft:fly_one_cm":201651,"minecraft:open_chest":15,"minecraft:crouch_one_cm":1159,"minecraft:fall_one_cm":32106},"minecraft:killed":{"alexsmobs:seagull":1,"minecraft:slime":21,"minecraft:skeleton":5,"minecraft:chicken":4,"minecraft:pig":9,"minecraft:rabbit":3,"minecraft:creeper":1,"minecraft:sheep":5,"minecraft:zombie":2,"iceandfire:ghost":1},"minecraft:crafted":{"minecraft:oak_planks":12,"minecraft:cooked_chicken":4,"minecraft:furnace":2,"minecraft:mushroom_stew":4,"minecraft:cooked_mutton":3,"minecraft:iron_hoe":1,"minecraft:stone_pickaxe":1,"minecraft:chest":1,"minecraft:cooked_rabbit":2,"minecraft:wheat":18,"minecraft:cooked_cod":19,"minecraft:cooked_porkchop":2,"minecraft:crafting_table":4,"minecraft:wooden_pickaxe":1,"minecraft:bowl":4,"minecraft:stone_axe":2,"minecraft:bread":6,"minecraft:jungle_planks":76,"minecraft:stick":28,"minecraft:wooden_axe":2,"minecraft:torch":68},"minecraft:mined":{"minecraft:tuff":1,"iceandfire:silver_ore":3,"minecraft:deepslate_diamond_ore":2,"minecraft:jungle_log":19,"minecraft:spawner":1,"minecraft:hay_block":7,"minecraft:iron_ore":7,"minecraft:andesite":2,"minecraft:pumpkin":5,"minecraft:deepslate_lapis_ore":1,"minecraft:vine":7,"minecraft:stone":35,"minecraft:green_bed":1,"minecraft:brown_mushroom":6,"minecraft:red_bed":1,"minecraft:crafting_table":4,"minecraft:torch":2,"minecraft:melon":11,"minecraft:cobblestone":1,"minecraft:wall_torch":6,"naturalist:duckweed":1,"minecraft:sea_pickle":1,"minecraft:yellow_bed":4,"minecraft:grass":13,"minecraft:coal_ore":90,"minecraft:cobweb":1,"minecraft:oak_leaves":17,"minecraft:fern":1},"minecraft:broken":{"minecraft:stone_axe":1,"minecraft:wooden_axe":2}},"DataVersion":3465}