{"stats":{"minecraft:picked_up":{"minecraft:cocoa_beans":5,"minecraft:crafting_table":3,"minecraft:feather":2,"minecraft:chicken":4,"minecraft:jungle_log":19,"minecraft:brown_mushroom":23,"minecraft:oak_log":3,"minecraft:yellow_bed":4,"minecraft:red_bed":1,"minecraft:bone":6,"minecraft:apple":1,"minecraft:sea_pickle":2,"minecraft:wheat_seeds":12,"minecraft:rabbit_hide":2,"minecraft:light_gray_wool":1,"minecraft:rabbit":3,"minecraft:melon_slice":59,"minecraft:birch_sapling":1,"minecraft:stick":7,"minecraft:raw_iron":7,"minecraft:pumpkin":5,"minecraft:torch":9,"minecraft:green_bed":1,"minecraft:porkchop":15,"minecraft:arrow":9,"minecraft:rotten_flesh":2,"minecraft:slime_ball":14,"minecraft:hay_block":7,"minecraft:spruce_sign":1,"minecraft:gray_wool":1,"minecraft:bread":3,"minecraft:white_wool":3,"minecraft:oak_sapling":3,"minecraft:mutton":8,"iceandfire:raw_silver":2,"minecraft:coal":90,"minecraft:cobblestone":39},"minecraft:used":{"minecraft:rabbit":1,"minecraft:tropical_fish":9,"minecraft:stone_pickaxe":132,"minecraft:chest":1,"minecraft:wooden_pickaxe":37,"minecraft:cooked_chicken":4,"minecraft:white_wool":3,"minecraft:torch":5,"minecraft:mutton":5,"minecraft:crafting_table":6,"minecraft:red_bed":1,"minecraft:mushroom_stew":4,"minecraft:jungle_planks":3,"minecraft:wooden_axe":84,"minecraft:apple":1,"minecraft:bread":13,"minecraft:melon_slice":35,"minecraft:stone_axe":124,"minecraft:cobblestone":3,"minecraft:potion":1,"minecraft:hay_block":1,"minecraft:porkchop":13,"minecraft:furnace":1,"minecraft:cooked_porkchop":2,"minecraft:cooked_rabbit":2,"minecraft:yellow_bed":2,"minecraft:sea_pickle":1,"minecraft:potato":9,"minecraft:pumpkin":4},"minecraft:dropped":{"minecraft:spruce_sign":1,"minecraft:wheat_seeds":12,"minecraft:cocoa_beans":5,"minecraft:glass_bottle":1,"minecraft:bowl":4,"minecraft:birch_sapling":1,"minecraft:rotten_flesh":2,"minecraft:salmon":15,"minecraft:rabbit_hide":1,"minecraft:potato":4,"minecraft:yellow_bed":1,"minecraft:melon_slice":24,"minecraft:oak_sapling":1,"minecraft:pumpkin":1,"minecraft:wooden_pickaxe":1},"minecraft:custom":{"minecraft:interact_with_furnace":10,"minecraft:mob_kills":49,"minecraft:interact_with_crafting_table":16,"minecraft:open_barrel":41,"minecraft:interact_with_loom":1,"minecraft:eat_cake_slice":2,"minecraft:time_since_death":80753,"minecraft:sleep_in_bed":1,"minecraft:climb_one_cm":13443,"minecraft:time_since_rest":8300,"minecraft:sprint_one_cm":409478,"minecraft:walk_one_cm":242292,"minecraft:damage_taken":1999,"minecraft:trigger_trapped_chest":2,"minecraft:drop":45,"minecraft:damage_dealt":3636,"minecraft:talked_to_villager":1,"minecraft:swim_one_cm":21248,"minecraft:fly_one_cm":163569,"minecraft:open_chest":11,"minecraft:crouch_one_cm":445,"minecraft:play_time":80753,"minecraft:sneak_time":255,"minecraft:walk_under_water_one_cm":1225,"minecraft:jump":1333,"minecraft:walk_on_water_one_cm":26649,"minecraft:total_world_time":80753,"minecraft:fall_one_cm":27820},"minecraft:killed":{"minecraft:pig":9,"minecraft:rabbit":3,"alexsmobs:seagull":1,"minecraft:slime":21,"minecraft:sheep":5,"minecraft:skeleton":4,"minecraft:zombie":1,"iceandfire:ghost":1,"minecraft:chicken":4},"minecraft:crafted":{"minecraft:oak_planks":12,"minecraft:cooked_porkchop":2,"minecraft:crafting_table":4,"minecraft:wooden_pickaxe":1,"minecraft:cooked_chicken":4,"minecraft:bowl":4,"minecraft:furnace":1,"minecraft:mushroom_stew":4,"minecraft:stone_axe":2,"minecraft:cooked_mutton":3,"minecraft:bread":6,"minecraft:jungle_planks":76,"minecraft:stick":28,"minecraft:stone_pickaxe":1,"minecraft:wooden_axe":2,"minecraft:chest":1,"minecraft:torch":8,"minecraft:cooked_rabbit":2,"minecraft:wheat":18},"minecraft:mined":{"minecraft:brown_mushroom":6,"iceandfire:silver_ore":3,"minecraft:red_bed":1,"minecraft:crafting_table":4,"minecraft:torch":2,"minecraft:melon":11,"minecraft:jungle_log":19,"minecraft:wall_torch":6,"minecraft:spawner":1,"minecraft:hay_block":7,"naturalist:duckweed":1,"minecraft:sea_pickle":1,"minecraft:iron_ore":7,"minecraft:andesite":2,"minecraft:pumpkin":5,"minecraft:yellow_bed":3,"minecraft:grass":13,"minecraft:coal_ore":90,"minecraft:vine":7,"minecraft:stone":35,"minecraft:green_bed":1,"minecraft:oak_leaves":17,"minecraft:fern":1},"minecraft:broken":{"minecraft:stone_axe":1,"minecraft:wooden_axe":2}},"DataVersion":3465}