{"stats":{"minecraft:picked_up":{"minecraft:stick":1,"minecraft:raw_iron":7,"minecraft:cocoa_beans":5,"minecraft:crafting_table":1,"minecraft:pumpkin":5,"minecraft:jungle_log":19,"minecraft:brown_mushroom":10,"minecraft:torch":8,"minecraft:bone":6,"minecraft:arrow":9,"minecraft:rotten_flesh":2,"minecraft:sea_pickle":2,"minecraft:wheat_seeds":6,"minecraft:rabbit_hide":1,"minecraft:hay_block":2,"minecraft:rabbit":2,"minecraft:oak_sapling":1,"minecraft:melon_slice":59,"minecraft:coal":66,"minecraft:cobblestone":17},"minecraft:dropped":{"minecraft:potato":4,"minecraft:melon_slice":24},"minecraft:used":{"minecraft:wooden_axe":84,"minecraft:melon_slice":35,"minecraft:bread":10,"minecraft:stone_pickaxe":83,"minecraft:wooden_pickaxe":37,"minecraft:stone_axe":22,"minecraft:torch":5,"minecraft:crafting_table":3,"minecraft:sea_pickle":1,"minecraft:potato":9,"minecraft:pumpkin":4},"minecraft:custom":{"minecraft:time_since_rest":32753,"minecraft:sprint_one_cm":169835,"minecraft:damage_taken":974,"minecraft:walk_one_cm":85662,"minecraft:trigger_trapped_chest":1,"minecraft:mob_kills":9,"minecraft:drop":28,"minecraft:damage_dealt":1403,"minecraft:interact_with_crafting_table":5,"minecraft:fly_one_cm":66281,"minecraft:open_barrel":2,"minecraft:open_chest":5,"minecraft:crouch_one_cm":445,"minecraft:play_time":32753,"minecraft:sneak_time":244,"minecraft:jump":631,"minecraft:walk_on_water_one_cm":5808,"minecraft:time_since_death":32753,"minecraft:climb_one_cm":10210,"minecraft:total_world_time":32753,"minecraft:fall_one_cm":14787},"minecraft:crafted":{"minecraft:crafting_table":2,"minecraft:stick":24,"minecraft:wooden_pickaxe":1,"minecraft:stone_pickaxe":1,"minecraft:wooden_axe":2,"minecraft:torch":8,"minecraft:stone_axe":1,"minecraft:bread":6,"minecraft:jungle_planks":48,"minecraft:wheat":18},"minecraft:killed":{"minecraft:skeleton":4,"minecraft:zombie":1,"iceandfire:ghost":1,"minecraft:rabbit":2,"alexsmobs:seagull":1},"minecraft:mined":{"minecraft:hay_block":2,"minecraft:brown_mushroom":4,"minecraft:iron_ore":7,"minecraft:sea_pickle":1,"minecraft:pumpkin":5,"minecraft:crafting_table":2,"minecraft:torch":2,"minecraft:grass":10,"minecraft:coal_ore":66,"minecraft:melon":11,"minecraft:vine":4,"minecraft:jungle_log":19,"minecraft:stone":17,"minecraft:wall_torch":5,"minecraft:oak_leaves":8,"minecraft:fern":1,"minecraft:spawner":1},"minecraft:broken":{"minecraft:wooden_axe":2}},"DataVersion":3465}