{"stats":{"minecraft:crafted":{"minecraft:oak_planks":12,"minecraft:cooked_chicken":4,"minecraft:furnace":2,"minecraft:mushroom_stew":4,"minecraft:cooked_mutton":3,"minecraft:iron_boots":1,"minecraft:iron_hoe":2,"minecraft:stone_pickaxe":1,"minecraft:chest":1,"minecraft:cooked_rabbit":2,"minecraft:wheat":176,"minecraft:cooked_cod":19,"minecraft:cooked_porkchop":2,"minecraft:crafting_table":5,"minecraft:wooden_pickaxe":1,"minecraft:bowl":4,"minecraft:stone_axe":2,"minecraft:bread":149,"minecraft:jungle_planks":76,"minecraft:iron_chestplate":1,"minecraft:stick":52,"minecraft:iron_ingot":3,"minecraft:wooden_axe":2,"minecraft:torch":84},"minecraft:used":{"iceandfire:silver_sword":166,"minecraft:tropical_fish":17,"minecraft:dried_kelp":15,"minecraft:chest":1,"minecraft:iron_sword":235,"minecraft:cooked_chicken":4,"minecraft:torch":107,"minecraft:dirt":1,"minecraft:mutton":16,"minecraft:jungle_planks":4,"minecraft:iron_hoe":250,"minecraft:spruce_boat":1,"minecraft:wooden_axe":84,"minecraft:beef":3,"minecraft:hay_block":1,"minecraft:cooked_cod":6,"minecraft:furnace":2,"minecraft:potato":9,"minecraft:cobbled_deepslate":11,"minecraft:pumpkin":4,"minecraft:wheat_seeds":275,"minecraft:cooked_mutton":3,"minecraft:rabbit":1,"minecraft:stone_pickaxe":134,"minecraft:wooden_pickaxe":37,"minecraft:green_bed":1,"minecraft:white_wool":3,"minecraft:golden_apple":1,"minecraft:glow_berries":7,"minecraft:crafting_table":8,"minecraft:red_bed":1,"minecraft:mushroom_stew":4,"minecraft:crossbow":13,"minecraft:cod":5,"minecraft:apple":2,"minecraft:bread":78,"minecraft:melon_slice":42,"minecraft:iron_pickaxe":183,"ecologics:coconut_slice":4,"minecraft:stone_axe":124,"minecraft:fishing_rod":49,"minecraft:cobblestone":5,"minecraft:potion":1,"minecraft:porkchop":18,"minecraft:cooked_porkchop":4,"minecraft:cooked_rabbit":2,"minecraft:yellow_bed":9,"minecraft:sea_pickle":1},"minecraft:broken":{"mowziesmobs:umvuthana_mask_faith":1,"minecraft:stone_axe":1,"minecraft:wooden_axe":2,"minecraft:iron_hoe":1},"minecraft:killed":{"minecraft:vindicator":1,"alexsmobs:seagull":1,"minecraft:slime":21,"naturalist:coral_snake":1,"minecraft:skeleton":12,"minecraft:chicken":4,"mowziesmobs:umvuthana_crane":1,"mowziesmobs:umvuthana":14,"minecraft:pig":9,"takesapillage:skirmisher":2,"minecraft:rabbit":3,"minecraft:creeper":1,"minecraft:sheep":5,"minecraft:pillager":5,"minecraft:zombie":13,"iceandfire:ghost":1,"takesapillage:archer":1,"minecraft:cow":2},"minecraft:picked_up":{"minecraft:charcoal":2,"minecraft:cocoa_beans":5,"minecraft:crafting_table":4,"minecraft:wheat":337,"minecraft:chicken":4,"minecraft:brown_mushroom":23,"iceandfire:chain":1,"minecraft:stripped_mangrove_log":1,"minecraft:string":2,"minecraft:red_bed":1,"minecraft:item_frame":2,"minecraft:sea_pickle":2,"minecraft:cobbled_deepslate":43,"minecraft:smooth_stone":4,"minecraft:beef":3,"minecraft:iron_pickaxe":1,"minecraft:light_gray_wool":1,"minecraft:melon_slice":66,"minecraft:birch_sapling":1,"minecraft:stick":8,"minecraft:raw_iron":17,"minecraft:acacia_fence":14,"ecologics:coconut_slice":4,"minecraft:torch":22,"minecraft:green_bed":1,"minecraft:porkchop":17,"iceandfire:crackled_gravel":10,"minecraft:redstone":15,"mowziesmobs:umvuthana_mask_faith":1,"minecraft:cooked_cod":13,"minecraft:arrow":24,"minecraft:rotten_flesh":11,"minecraft:hay_block":25,"minecraft:gold_ingot":1,"minecraft:mutton":8,"minecraft:cod":2,"minecraft:cobblestone":42,"minecraft:white_wool":3,"minecraft:feather":11,"minecraft:jungle_log":19,"minecraft:leather":2,"minecraft:tuff":2,"minecraft:oak_log":3,"minecraft:yellow_bed":11,"minecraft:dirt":18,"minecraft:lantern":2,"minecraft:bone":17,"minecraft:apple":1,"mowziesmobs:umvuthana_mask_rage":1,"minecraft:wheat_seeds":1156,"minecraft:raw_gold":39,"minecraft:rabbit_hide":2,"minecraft:iron_ingot":1,"minecraft:rabbit":3,"minecraft:acacia_sapling":8,"minecraft:iron_sword":1,"iceandfire:copper_nugget":12,"minecraft:cooked_porkchop":2,"minecraft:pumpkin":5,"iceandfire:ash":1,"minecraft:gravel":6,"minecraft:iron_hoe":1,"minecraft:stone_axe":1,"minecraft:slime_ball":14,"minecraft:spruce_boat":1,"minecraft:diamond":4,"minecraft:iron_helmet":1,"minecraft:bone_meal":5,"minecraft:gray_wool":1,"minecraft:spruce_sign":1,"minecraft:bread":20,"minecraft:chainmail_helmet":1,"mowziesmobs:umvuthana_mask_fear":1,"minecraft:oak_sapling":3,"minecraft:melon_seeds":6,"minecraft:coal":94,"iceandfire:raw_silver":3},"minecraft:custom":{"minecraft:mob_kills":99,"minecraft:interact_with_crafting_table":35,"minecraft:open_barrel":55,"minecraft:damage_dealt_resisted":65,"minecraft:eat_cake_slice":2,"minecraft:leave_game":1,"minecraft:time_since_death":56681,"minecraft:climb_one_cm":18605,"minecraft:sprint_one_cm":1107608,"minecraft:walk_one_cm":635871,"minecraft:drop":118,"minecraft:damage_dealt_absorbed":41,"minecraft:talked_to_villager":1,"minecraft:play_time":220869,"minecraft:sneak_time":1927,"minecraft:deaths":3,"minecraft:walk_under_water_one_cm":24831,"minecraft:boat_one_cm":34032,"minecraft:jump":3677,"minecraft:walk_on_water_one_cm":58944,"minecraft:total_world_time":220869,"minecraft:interact_with_furnace":19,"minecraft:interact_with_loom":2,"minecraft:sleep_in_bed":8,"minecraft:time_since_rest":5440,"minecraft:damage_taken":6969,"minecraft:trigger_trapped_chest":2,"minecraft:damage_dealt":11269,"minecraft:swim_one_cm":55064,"minecraft:fly_one_cm":552312,"minecraft:open_chest":35,"minecraft:crouch_one_cm":5660,"minecraft:fish_caught":2,"minecraft:fall_one_cm":87115,"minecraft:horse_one_cm":699744},"minecraft:dropped":{"minecraft:spruce_sign":1,"minecraft:wheat_seeds":884,"minecraft:glass_bottle":1,"minecraft:iron_helmet":1,"minecraft:lantern":1,"minecraft:item_frame":2,"iceandfire:silver_sword":1,"minecraft:melon_slice":24,"minecraft:cooked_cod":26,"minecraft:bone_meal":2,"minecraft:pumpkin":1,"iceandfire:ash":1,"minecraft:smooth_stone":4,"minecraft:bone":2,"minecraft:gravel":6,"minecraft:stone_axe":1,"minecraft:kelp":25,"minecraft:iron_nugget":9,"minecraft:cocoa_beans":5,"minecraft:bowl":4,"minecraft:tuff":2,"minecraft:birch_sapling":1,"minecraft:wheat":3,"minecraft:rotten_flesh":11,"minecraft:iron_hoe":2,"iceandfire:crackled_gravel":10,"minecraft:salmon":15,"minecraft:rabbit_hide":1,"minecraft:potato":4,"iceandfire:chain":1,"minecraft:sea_pickle":1,"minecraft:charcoal":2,"minecraft:melon_seeds":6,"minecraft:yellow_bed":1,"minecraft:acacia_sapling":8,"ecologics:coconut_husk":4,"minecraft:oak_sapling":1,"minecraft:arrow":19,"minecraft:stone_pickaxe":1,"minecraft:wooden_pickaxe":1,"minecraft:acacia_fence":9},"minecraft:mined":{"minecraft:tuff":2,"iceandfire:silver_ore":3,"minecraft:deepslate_diamond_ore":4,"minecraft:sculk_vein":29,"minecraft:grass_block":2,"minecraft:jungle_log":19,"iceandfire:deepslate_silver_ore":2,"minecraft:spawner":1,"minecraft:hay_block":28,"minecraft:smooth_stone":2,"minecraft:iron_ore":7,"minecraft:andesite":2,"minecraft:pumpkin":5,"minecraft:deepslate_lapis_ore":1,"minecraft:deepslate_iron_ore":7,"minecraft:vine":7,"minecraft:stone":37,"minecraft:green_bed":1,"minecraft:brown_mushroom":6,"minecraft:red_bed":1,"minecraft:crafting_table":5,"minecraft:torch":6,"minecraft:melon":12,"minecraft:sculk_sensor":1,"minecraft:campfire":1,"minecraft:tall_grass":7,"minecraft:cobblestone":3,"minecraft:deepslate_gold_ore":18,"minecraft:sculk":222,"minecraft:wall_torch":13,"naturalist:duckweed":1,"minecraft:sea_pickle":1,"minecraft:wheat":251,"minecraft:yellow_bed":10,"minecraft:grass":90,"minecraft:coal_ore":92,"minecraft:acacia_fence":4,"minecraft:gravel":2,"minecraft:cobweb":2,"minecraft:gold_ore":21,"minecraft:oak_leaves":17,"minecraft:deepslate":42,"minecraft:fern":1}},"DataVersion":3465}