{"stats":{"minecraft:picked_up":{"minecraft:cocoa_beans":5,"minecraft:crafting_table":1,"minecraft:pumpkin":5,"minecraft:jungle_log":19,"minecraft:rotten_flesh":2,"minecraft:sea_pickle":1,"minecraft:wheat_seeds":1,"minecraft:rabbit_hide":1,"minecraft:hay_block":2,"minecraft:rabbit":2,"minecraft:oak_sapling":1,"minecraft:melon_slice":59},"minecraft:dropped":{"minecraft:potato":4,"minecraft:melon_slice":24},"minecraft:used":{"minecraft:wooden_axe":66,"minecraft:melon_slice":32,"minecraft:bread":3,"minecraft:wooden_pickaxe":21,"minecraft:crafting_table":2,"minecraft:potato":5},"minecraft:custom":{"minecraft:time_since_rest":20753,"minecraft:sprint_one_cm":118375,"minecraft:damage_taken":605,"minecraft:walk_one_cm":60841,"minecraft:trigger_trapped_chest":1,"minecraft:mob_kills":5,"minecraft:drop":28,"minecraft:damage_dealt":840,"minecraft:interact_with_crafting_table":2,"minecraft:fly_one_cm":39166,"minecraft:open_barrel":2,"minecraft:open_chest":2,"minecraft:crouch_one_cm":319,"minecraft:play_time":20753,"minecraft:sneak_time":118,"minecraft:jump":424,"minecraft:time_since_death":20753,"minecraft:climb_one_cm":10148,"minecraft:total_world_time":20753,"minecraft:fall_one_cm":8284},"minecraft:crafted":{"minecraft:crafting_table":1,"minecraft:stick":24,"minecraft:wooden_pickaxe":1,"minecraft:wooden_axe":2,"minecraft:jungle_planks":48,"minecraft:wheat":18},"minecraft:killed":{"minecraft:zombie":1,"iceandfire:ghost":1,"minecraft:rabbit":2,"alexsmobs:seagull":1},"minecraft:mined":{"minecraft:hay_block":2,"minecraft:sea_pickle":1,"minecraft:pumpkin":5,"minecraft:crafting_table":1,"minecraft:grass":9,"minecraft:melon":11,"minecraft:vine":4,"minecraft:jungle_log":19,"minecraft:oak_leaves":6,"minecraft:fern":1},"minecraft:broken":{"minecraft:wooden_axe":1}},"DataVersion":3465}