{"stats":{"minecraft:picked_up":{"minecraft:cocoa_beans":5,"minecraft:crafting_table":2,"minecraft:feather":2,"minecraft:chicken":4,"minecraft:jungle_log":19,"minecraft:brown_mushroom":23,"minecraft:bone":6,"minecraft:sea_pickle":2,"minecraft:wheat_seeds":6,"minecraft:rabbit_hide":1,"minecraft:light_gray_wool":1,"minecraft:rabbit":2,"minecraft:melon_slice":59,"minecraft:stick":1,"minecraft:raw_iron":7,"minecraft:pumpkin":5,"minecraft:torch":8,"minecraft:porkchop":2,"minecraft:arrow":9,"minecraft:rotten_flesh":2,"minecraft:slime_ball":14,"minecraft:hay_block":2,"minecraft:gray_wool":1,"minecraft:bread":3,"minecraft:oak_sapling":2,"minecraft:mutton":3,"iceandfire:raw_silver":2,"minecraft:coal":70,"minecraft:cobblestone":26},"minecraft:dropped":{"minecraft:potato":4,"minecraft:melon_slice":24},"minecraft:used":{"minecraft:stone_pickaxe":99,"minecraft:wooden_pickaxe":37,"minecraft:cooked_chicken":1,"minecraft:torch":5,"minecraft:crafting_table":5,"minecraft:wooden_axe":84,"minecraft:bread":13,"minecraft:melon_slice":35,"minecraft:stone_axe":64,"minecraft:cobblestone":3,"minecraft:furnace":1,"minecraft:sea_pickle":1,"minecraft:potato":9,"minecraft:pumpkin":4},"minecraft:custom":{"minecraft:interact_with_furnace":2,"minecraft:mob_kills":37,"minecraft:interact_with_crafting_table":9,"minecraft:open_barrel":2,"minecraft:time_since_death":44753,"minecraft:climb_one_cm":10998,"minecraft:time_since_rest":44753,"minecraft:sprint_one_cm":173254,"minecraft:walk_one_cm":172279,"minecraft:damage_taken":1114,"minecraft:trigger_trapped_chest":1,"minecraft:drop":28,"minecraft:damage_dealt":2143,"minecraft:swim_one_cm":15017,"minecraft:fly_one_cm":68195,"minecraft:open_chest":6,"minecraft:crouch_one_cm":445,"minecraft:play_time":44753,"minecraft:sneak_time":255,"minecraft:walk_under_water_one_cm":846,"minecraft:jump":851,"minecraft:walk_on_water_one_cm":21570,"minecraft:total_world_time":44753,"minecraft:fall_one_cm":16167},"minecraft:crafted":{"minecraft:crafting_table":3,"minecraft:wooden_pickaxe":1,"minecraft:cooked_chicken":1,"minecraft:furnace":1,"minecraft:stone_axe":1,"minecraft:bread":6,"minecraft:jungle_planks":48,"minecraft:stick":24,"minecraft:stone_pickaxe":1,"minecraft:wooden_axe":2,"minecraft:torch":8,"minecraft:wheat":18},"minecraft:killed":{"minecraft:pig":1,"minecraft:rabbit":2,"alexsmobs:seagull":1,"minecraft:slime":21,"minecraft:sheep":2,"minecraft:skeleton":4,"minecraft:zombie":1,"iceandfire:ghost":1,"minecraft:chicken":4},"minecraft:mined":{"minecraft:brown_mushroom":6,"iceandfire:silver_ore":3,"minecraft:crafting_table":3,"minecraft:torch":2,"minecraft:melon":11,"minecraft:jungle_log":19,"minecraft:wall_torch":5,"minecraft:spawner":1,"minecraft:hay_block":2,"naturalist:duckweed":1,"minecraft:sea_pickle":1,"minecraft:iron_ore":7,"minecraft:pumpkin":5,"minecraft:grass":13,"minecraft:coal_ore":70,"minecraft:vine":5,"minecraft:stone":26,"minecraft:oak_leaves":8,"minecraft:fern":1},"minecraft:broken":{"minecraft:wooden_axe":2}},"DataVersion":3465}