{"stats":{"minecraft:picked_up":{"minecraft:oak_slab":2,"minecraft:andesite":10,"minecraft:dripstone_block":1,"minecraft:oak_log":4,"minecraft:spruce_log":7,"minecraft:dirt":17,"minecraft:raw_copper":205,"minecraft:bone":1,"minecraft:arrow":1,"minecraft:bow":1,"minecraft:stripped_oak_wood":2,"minecraft:coal":86,"minecraft:cobblestone":216},"minecraft:used":{"minecraft:stone_pickaxe":344,"minecraft:wooden_pickaxe":28,"minecraft:torch":10,"minecraft:dirt":14,"minecraft:cobblestone":1,"minecraft:crafting_table":2,"alexsmobs:animal_dictionary":1},"minecraft:dropped":{"minecraft:oak_slab":2,"minecraft:gunpowder":2,"minecraft:wheat":1,"minecraft:cobblestone":1,"minecraft:rotten_flesh":1,"minecraft:arrow":1,"minecraft:bone":1},"minecraft:custom":{"minecraft:time_since_rest":24153,"minecraft:sprint_one_cm":16154,"minecraft:damage_taken":305,"minecraft:walk_one_cm":61747,"minecraft:drop":7,"minecraft:damage_dealt":80,"minecraft:interact_with_crafting_table":5,"minecraft:fly_one_cm":12688,"minecraft:open_chest":3,"minecraft:crouch_one_cm":446,"minecraft:play_time":24153,"minecraft:sneak_time":73,"minecraft:walk_under_water_one_cm":2163,"minecraft:jump":220,"minecraft:time_since_death":24153,"minecraft:walk_on_water_one_cm":917,"minecraft:climb_one_cm":665,"minecraft:total_world_time":24153,"minecraft:fall_one_cm":3704},"minecraft:crafted":{"minecraft:oak_planks":24,"minecraft:crafting_table":2,"minecraft:spruce_planks":28,"minecraft:stick":36,"minecraft:wooden_pickaxe":1,"minecraft:stone_pickaxe":10,"minecraft:stone_sword":1,"minecraft:torch":40,"minecraft:stone_axe":1},"minecraft:mined":{"minecraft:spruce_log":7,"minecraft:andesite":10,"minecraft:oak_log":4,"minecraft:grass_block":4,"minecraft:coal_ore":86,"minecraft:dripstone_block":1,"minecraft:dirt":8,"minecraft:copper_ore":57,"minecraft:spruce_leaves":2,"minecraft:stone":215,"minecraft:oak_leaves":7,"minecraft:suspicious_gravel":1},"minecraft:broken":{"minecraft:stone_pickaxe":2}},"DataVersion":3465}