{"stats":{"minecraft:picked_up":{"minecraft:andesite":20,"minecraft:flower_pot":1,"minecraft:salmon":15,"minecraft:oak_log":4,"minecraft:lily_pad":11,"iceandfire:ectoplasm":3,"minecraft:raw_copper":205,"minecraft:dirt":17,"naturalist:bass":1,"minecraft:item_frame":1,"minecraft:bone":1,"minecraft:beetroot":1,"minecraft:bow":1,"minecraft:stripped_oak_wood":2,"minecraft:iron_pickaxe":1,"minecraft:oak_slab":2,"minecraft:raw_iron":8,"ecologics:coconut_slice":4,"minecraft:copper_ingot":1,"minecraft:torch":9,"minecraft:dripstone_block":1,"minecraft:gravel":1,"minecraft:diorite":27,"minecraft:spruce_log":7,"minecraft:dead_bush":1,"alexsmobs:raw_catfish":2,"minecraft:light_gray_bed":3,"minecraft:arrow":1,"minecraft:spruce_boat":1,"minecraft:beetroot_seeds":1,"minecraft:hay_block":7,"alexsmobs:flying_fish":1,"minecraft:coal":88,"iceandfire:raw_silver":1,"minecraft:cobblestone":437},"minecraft:dropped":{"minecraft:oak_slab":2,"minecraft:wheat":1,"minecraft:cobblestone":1,"minecraft:rotten_flesh":1,"iceandfire:ectoplasm":3,"minecraft:copper_ingot":1,"iceandfire:shiny_scales":1,"minecraft:dirt":3,"minecraft:flower_pot":1,"minecraft:gunpowder":2,"minecraft:dead_bush":1,"minecraft:arrow":1,"minecraft:lily_pad":11,"minecraft:bone":1},"minecraft:used":{"naturalist:bass":1,"minecraft:stone_sword":22,"minecraft:stone_pickaxe":679,"minecraft:wooden_pickaxe":28,"minecraft:cooked_salmon":6,"minecraft:torch":25,"minecraft:dirt":14,"iceandfire:copper_sword":88,"minecraft:crafting_table":4,"minecraft:spruce_boat":3,"minecraft:bread":30,"minecraft:cobblestone":55,"minecraft:furnace":1,"alexsmobs:animal_dictionary":1,"minecraft:light_gray_bed":2},"minecraft:custom":{"minecraft:interact_with_furnace":7,"minecraft:mob_kills":11,"minecraft:interact_with_crafting_table":9,"minecraft:open_barrel":9,"minecraft:eat_cake_slice":2,"minecraft:time_since_death":84153,"minecraft:sleep_in_bed":5,"minecraft:climb_one_cm":4770,"minecraft:time_since_rest":17720,"minecraft:sprint_one_cm":130346,"minecraft:damage_taken":2053,"minecraft:walk_one_cm":226217,"minecraft:trigger_trapped_chest":6,"minecraft:drop":15,"minecraft:damage_dealt":2571,"minecraft:swim_one_cm":44520,"minecraft:talked_to_villager":2,"minecraft:fly_one_cm":103926,"minecraft:open_chest":17,"minecraft:crouch_one_cm":1108,"minecraft:play_time":84153,"minecraft:sneak_time":211,"minecraft:walk_under_water_one_cm":30277,"minecraft:boat_one_cm":593887,"minecraft:jump":1095,"minecraft:walk_on_water_one_cm":27170,"minecraft:total_world_time":84153,"minecraft:fall_one_cm":16854},"minecraft:killed":{"minecraft:witch":1,"alexsmobs:catfish":1,"cataclysm:deepling_brute":1,"minecraft:zombie":1,"iceandfire:ghost":6,"cataclysm:deepling":1},"minecraft:crafted":{"minecraft:oak_planks":24,"minecraft:crafting_table":4,"minecraft:spruce_planks":28,"minecraft:wooden_pickaxe":1,"minecraft:furnace":1,"minecraft:cooked_salmon":8,"minecraft:stone_axe":1,"minecraft:bread":21,"minecraft:air":0,"minecraft:stick":52,"minecraft:stone_pickaxe":10,"minecraft:stone_sword":1,"minecraft:spruce_boat":2,"minecraft:acacia_planks":8,"minecraft:torch":40,"minecraft:wheat":63},"minecraft:mined":{"iceandfire:silver_ore":1,"minecraft:cobblestone_stairs":1,"minecraft:torch":1,"minecraft:potted_dead_bush":1,"minecraft:granite":1,"minecraft:grass_block":4,"minecraft:light_gray_bed":3,"minecraft:tall_grass":1,"minecraft:copper_ore":57,"minecraft:cobblestone":16,"minecraft:spruce_leaves":2,"minecraft:diorite":43,"minecraft:wall_torch":9,"minecraft:hay_block":7,"minecraft:tall_seagrass":2,"naturalist:duckweed":3,"minecraft:iron_ore":8,"minecraft:spruce_log":7,"minecraft:andesite":20,"minecraft:coal_ore":88,"minecraft:oak_log":4,"minecraft:beetroots":1,"minecraft:vine":3,"minecraft:gravel":1,"minecraft:dripstone_block":1,"minecraft:dirt":9,"minecraft:stone":456,"minecraft:oak_leaves":7,"minecraft:suspicious_gravel":1},"minecraft:broken":{"minecraft:stone_pickaxe":5}},"DataVersion":3465}