{"stats":{"minecraft:picked_up":{"minecraft:andesite":20,"minecraft:flower_pot":1,"minecraft:salmon":15,"minecraft:oak_log":4,"minecraft:raw_copper":205,"minecraft:dirt":17,"naturalist:bass":1,"minecraft:bone":1,"minecraft:beetroot":1,"minecraft:bow":1,"minecraft:stripped_oak_wood":2,"minecraft:oak_slab":2,"minecraft:raw_iron":1,"minecraft:torch":9,"minecraft:dripstone_block":1,"minecraft:gravel":1,"minecraft:diorite":27,"minecraft:spruce_log":7,"minecraft:dead_bush":1,"alexsmobs:raw_catfish":2,"minecraft:arrow":1,"minecraft:beetroot_seeds":1,"minecraft:coal":88,"iceandfire:raw_silver":1,"minecraft:cobblestone":437},"minecraft:used":{"minecraft:stone_sword":22,"minecraft:stone_pickaxe":670,"minecraft:wooden_pickaxe":28,"minecraft:cooked_salmon":5,"minecraft:torch":25,"minecraft:dirt":14,"iceandfire:copper_sword":37,"minecraft:crafting_table":3,"minecraft:bread":3,"minecraft:cobblestone":22,"minecraft:furnace":1,"alexsmobs:animal_dictionary":1},"minecraft:dropped":{"minecraft:oak_slab":2,"minecraft:wheat":1,"minecraft:cobblestone":1,"minecraft:rotten_flesh":1,"minecraft:dirt":3,"minecraft:flower_pot":1,"minecraft:gunpowder":2,"minecraft:dead_bush":1,"minecraft:arrow":1,"minecraft:bone":1},"minecraft:custom":{"minecraft:interact_with_furnace":7,"minecraft:mob_kills":6,"minecraft:interact_with_crafting_table":6,"minecraft:open_barrel":9,"minecraft:eat_cake_slice":2,"minecraft:time_since_death":48153,"minecraft:sleep_in_bed":2,"minecraft:climb_one_cm":4087,"minecraft:time_since_rest":11180,"minecraft:sprint_one_cm":40720,"minecraft:damage_taken":685,"minecraft:walk_one_cm":153183,"minecraft:trigger_trapped_chest":5,"minecraft:drop":10,"minecraft:damage_dealt":1788,"minecraft:swim_one_cm":17833,"minecraft:fly_one_cm":30723,"minecraft:open_chest":7,"minecraft:crouch_one_cm":907,"minecraft:play_time":48153,"minecraft:sneak_time":138,"minecraft:walk_under_water_one_cm":15470,"minecraft:jump":406,"minecraft:walk_on_water_one_cm":11933,"minecraft:total_world_time":48153,"minecraft:fall_one_cm":6566},"minecraft:killed":{"alexsmobs:catfish":1,"iceandfire:ghost":5},"minecraft:crafted":{"minecraft:oak_planks":24,"minecraft:crafting_table":3,"minecraft:spruce_planks":28,"minecraft:wooden_pickaxe":1,"minecraft:furnace":1,"minecraft:cooked_salmon":8,"minecraft:stone_axe":1,"minecraft:air":0,"minecraft:stick":36,"minecraft:stone_pickaxe":10,"minecraft:stone_sword":1,"minecraft:torch":40},"minecraft:mined":{"iceandfire:silver_ore":1,"minecraft:torch":1,"minecraft:potted_dead_bush":1,"minecraft:granite":1,"minecraft:grass_block":4,"minecraft:tall_grass":1,"minecraft:copper_ore":57,"minecraft:cobblestone":15,"minecraft:spruce_leaves":2,"minecraft:diorite":43,"minecraft:wall_torch":9,"minecraft:tall_seagrass":2,"naturalist:duckweed":2,"minecraft:iron_ore":1,"minecraft:spruce_log":7,"minecraft:andesite":20,"minecraft:coal_ore":88,"minecraft:oak_log":4,"minecraft:beetroots":1,"minecraft:vine":2,"minecraft:gravel":1,"minecraft:dripstone_block":1,"minecraft:dirt":9,"minecraft:stone":456,"minecraft:oak_leaves":7,"minecraft:suspicious_gravel":1},"minecraft:broken":{"minecraft:stone_pickaxe":5}},"DataVersion":3465}