{"stats":{"minecraft:picked_up":{"minecraft:oak_slab":2,"minecraft:oak_log":4,"minecraft:spruce_log":7,"minecraft:dirt":16,"minecraft:bone":1,"minecraft:arrow":1,"minecraft:bow":1,"minecraft:stripped_oak_wood":2,"minecraft:coal":11,"minecraft:cobblestone":14},"minecraft:used":{"minecraft:wooden_pickaxe":28,"minecraft:dirt":10,"minecraft:crafting_table":2,"alexsmobs:animal_dictionary":1},"minecraft:custom":{"minecraft:time_since_rest":12153,"minecraft:sprint_one_cm":16154,"minecraft:damage_taken":305,"minecraft:walk_one_cm":34064,"minecraft:damage_dealt":80,"minecraft:interact_with_crafting_table":2,"minecraft:fly_one_cm":12688,"minecraft:open_chest":3,"minecraft:crouch_one_cm":446,"minecraft:play_time":12153,"minecraft:sneak_time":73,"minecraft:walk_under_water_one_cm":2163,"minecraft:jump":156,"minecraft:time_since_death":12153,"minecraft:walk_on_water_one_cm":917,"minecraft:climb_one_cm":665,"minecraft:total_world_time":12153,"minecraft:fall_one_cm":3704},"minecraft:crafted":{"minecraft:oak_planks":24,"minecraft:crafting_table":2,"minecraft:spruce_planks":28,"minecraft:stick":16,"minecraft:wooden_pickaxe":1,"minecraft:stone_pickaxe":1,"minecraft:stone_sword":1,"minecraft:stone_axe":1},"minecraft:mined":{"minecraft:spruce_log":7,"minecraft:oak_log":4,"minecraft:grass_block":4,"minecraft:coal_ore":11,"minecraft:dirt":7,"minecraft:spruce_leaves":2,"minecraft:stone":14,"minecraft:oak_leaves":7,"minecraft:suspicious_gravel":1}},"DataVersion":3465}