{"stats":{"minecraft:crafted":{"minecraft:wooden_sword":1,"minecraft:oak_planks":64,"minecraft:furnace":5,"minecraft:stone_pickaxe":10,"minecraft:spruce_boat":2,"alexsmobs:cooked_catfish":2,"minecraft:wheat":99,"minecraft:cooked_cod":6,"minecraft:crafting_table":7,"minecraft:spruce_planks":28,"minecraft:wooden_pickaxe":2,"minecraft:iron_helmet":1,"minecraft:cooked_salmon":17,"minecraft:stone_axe":2,"minecraft:bread":49,"minecraft:air":0,"minecraft:oak_boat":1,"minecraft:iron_chestplate":1,"minecraft:shield":1,"minecraft:stick":72,"minecraft:iron_ingot":8,"minecraft:stone_sword":1,"minecraft:acacia_planks":16,"minecraft:torch":128},"minecraft:used":{"minecraft:stone_sword":22,"minecraft:shield":2,"minecraft:iron_sword":68,"minecraft:cooked_salmon":9,"minecraft:torch":63,"minecraft:dirt":14,"iceandfire:copper_sword":224,"minecraft:spruce_boat":3,"minecraft:goat_horn":5,"minecraft:furnace":5,"minecraft:cooked_cod":1,"minecraft:golden_axe":8,"minecraft:light_gray_bed":4,"naturalist:bass":1,"minecraft:water_bucket":1,"minecraft:leather_leggings":1,"minecraft:stone_pickaxe":690,"minecraft:wooden_pickaxe":57,"minecraft:salmon":3,"minecraft:crafting_table":7,"minecraft:cod":1,"minecraft:apple":2,"minecraft:chicken":1,"minecraft:melon_slice":11,"minecraft:bread":76,"minecraft:stone_axe":37,"minecraft:fishing_rod":14,"minecraft:cobblestone":181,"minecraft:white_banner":1,"minecraft:oak_boat":1,"alexsmobs:animal_dictionary":1,"minecraft:experience_bottle":1},"minecraft:broken":{"minecraft:golden_helmet":1,"minecraft:leather_leggings":1,"minecraft:stone_pickaxe":5},"minecraft:killed":{"minecraft:witch":1,"minecraft:skeleton":4,"minecraft:chicken":1,"mowziesmobs:umvuthana":4,"mowziesmobs:umvuthana_follower_raptor":1,"alexsmobs:catfish":1,"minecraft:pillager":7,"cataclysm:deepling_brute":1,"minecraft:zombie":1,"iceandfire:ghost":9,"cataclysm:deepling":1,"mowziesmobs:naga":1},"minecraft:picked_up":{"minecraft:wheat":48,"minecraft:chicken":1,"minecraft:flower_pot":1,"minecraft:raw_copper":205,"minecraft:item_frame":1,"minecraft:pufferfish":1,"minecraft:beetroot":1,"minecraft:iron_pickaxe":1,"minecraft:melon_slice":12,"minecraft:egg":1,"minecraft:furnace":3,"minecraft:raw_iron":8,"iceandfire:crackled_dirt":1,"ecologics:coconut_slice":4,"minecraft:copper_ingot":1,"minecraft:torch":22,"minecraft:acacia_log":2,"iceandfire:crackled_gravel":1,"minecraft:diorite":27,"minecraft:rotten_flesh":5,"minecraft:arrow":1,"minecraft:light_gray_bed":5,"minecraft:beetroot_seeds":1,"minecraft:hay_block":11,"minecraft:saddle":1,"minecraft:cod":4,"minecraft:cobblestone":456,"alexsmobs:flying_fish":1,"minecraft:feather":8,"minecraft:glow_ink_sac":7,"minecraft:andesite":20,"minecraft:salmon":18,"minecraft:leather":1,"minecraft:oak_log":14,"minecraft:lily_pad":11,"iceandfire:ectoplasm":3,"minecraft:golden_boots":1,"minecraft:dirt":17,"minecraft:white_banner":1,"naturalist:bass":1,"minecraft:bone":1,"minecraft:apple":1,"minecraft:bow":1,"mowziesmobs:foliaath_seed":1,"minecraft:wheat_seeds":61,"minecraft:stripped_oak_wood":2,"mowziesmobs:umvuthana_mask_misery":1,"minecraft:oak_slab":2,"minecraft:dripstone_block":1,"minecraft:gravel":1,"minecraft:ink_sac":6,"minecraft:dead_bush":1,"minecraft:spruce_log":7,"minecraft:mossy_cobblestone":1,"mowziesmobs:naga_fang":1,"alexsmobs:raw_catfish":2,"minecraft:stone_axe":1,"minecraft:spruce_boat":1,"minecraft:bone_meal":1,"minecraft:dark_oak_fence":18,"minecraft:coal":101,"iceandfire:raw_silver":1},"minecraft:custom":{"minecraft:mob_kills":40,"minecraft:interact_with_crafting_table":24,"minecraft:open_barrel":9,"minecraft:damage_dealt_resisted":60,"minecraft:eat_cake_slice":2,"minecraft:leave_game":2,"minecraft:time_since_death":21590,"minecraft:climb_one_cm":50634,"minecraft:sprint_one_cm":541904,"minecraft:walk_one_cm":566860,"minecraft:damage_blocked_by_shield":55,"minecraft:drop":45,"minecraft:talked_to_villager":3,"minecraft:play_time":212991,"minecraft:deaths":14,"minecraft:sneak_time":584,"minecraft:walk_under_water_one_cm":80444,"minecraft:boat_one_cm":1040197,"minecraft:jump":3167,"minecraft:walk_on_water_one_cm":51677,"minecraft:total_world_time":212991,"minecraft:interact_with_furnace":34,"minecraft:sleep_in_bed":7,"minecraft:time_since_rest":21618,"minecraft:damage_taken":8071,"minecraft:trigger_trapped_chest":9,"minecraft:damage_dealt":7906,"minecraft:swim_one_cm":89527,"minecraft:fly_one_cm":512537,"minecraft:open_chest":87,"minecraft:crouch_one_cm":3073,"minecraft:fish_caught":8,"minecraft:fall_one_cm":91825},"minecraft:dropped":{"minecraft:iron_ingot":1,"minecraft:bread":1,"minecraft:oak_slab":2,"minecraft:wheat_seeds":59,"minecraft:crossbow":1,"minecraft:feather":4,"minecraft:cobblestone":1,"iceandfire:ectoplasm":3,"minecraft:copper_ingot":2,"minecraft:pufferfish":1,"minecraft:dirt":3,"iceandfire:crackled_dirt":1,"minecraft:dark_oak_fence":14,"minecraft:dead_bush":1,"minecraft:chain":4,"minecraft:bone_meal":1,"minecraft:lily_pad":11,"minecraft:gold_ingot":1,"minecraft:bone":1,"minecraft:raw_copper":64,"minecraft:wheat":1,"minecraft:rotten_flesh":2,"iceandfire:crackled_gravel":1,"minecraft:carrot":3,"iceandfire:shiny_scales":2,"minecraft:flower_pot":1,"minecraft:gunpowder":2,"mowziesmobs:umvuthana_mask_misery":1,"minecraft:andesite":20,"minecraft:arrow":7,"minecraft:bow":1},"minecraft:mined":{"iceandfire:silver_ore":1,"minecraft:mossy_cobblestone":1,"minecraft:cobblestone_stairs":1,"minecraft:jungle_leaves":15,"minecraft:potted_dead_bush":1,"minecraft:granite":1,"minecraft:dark_oak_fence":11,"minecraft:acacia_log":2,"minecraft:grass_block":7,"minecraft:light_gray_bed":5,"minecraft:spruce_leaves":2,"minecraft:hay_block":11,"minecraft:tall_seagrass":5,"minecraft:furnace":3,"minecraft:iron_ore":8,"minecraft:andesite":20,"minecraft:vine":8,"minecraft:stone":471,"minecraft:acacia_leaves":4,"minecraft:torch":13,"minecraft:melon":2,"minecraft:glass":3,"minecraft:tall_grass":4,"minecraft:copper_ore":57,"minecraft:cobblestone":21,"minecraft:diorite":43,"minecraft:wall_torch":11,"naturalist:duckweed":3,"minecraft:wheat":56,"minecraft:spruce_log":7,"minecraft:grass":39,"minecraft:oak_log":14,"minecraft:coal_ore":97,"minecraft:beetroots":1,"minecraft:acacia_fence":1,"minecraft:gravel":1,"minecraft:dripstone_block":1,"minecraft:dirt":9,"minecraft:oak_leaves":15,"minecraft:fern":1,"minecraft:suspicious_gravel":1}},"DataVersion":3465}