{"stats":{"minecraft:picked_up":{"minecraft:wheat":48,"minecraft:glow_ink_sac":7,"minecraft:andesite":20,"minecraft:flower_pot":1,"minecraft:salmon":15,"minecraft:oak_log":9,"minecraft:lily_pad":11,"iceandfire:ectoplasm":3,"minecraft:raw_copper":205,"minecraft:dirt":17,"naturalist:bass":1,"minecraft:item_frame":1,"minecraft:bone":1,"minecraft:beetroot":1,"minecraft:wheat_seeds":43,"minecraft:bow":1,"minecraft:stripped_oak_wood":2,"minecraft:iron_pickaxe":1,"minecraft:furnace":3,"minecraft:oak_slab":2,"minecraft:raw_iron":8,"minecraft:acacia_log":2,"ecologics:coconut_slice":4,"minecraft:copper_ingot":1,"minecraft:torch":9,"minecraft:dripstone_block":1,"minecraft:gravel":1,"minecraft:diorite":27,"minecraft:spruce_log":7,"minecraft:dead_bush":1,"alexsmobs:raw_catfish":2,"minecraft:rotten_flesh":1,"minecraft:light_gray_bed":4,"minecraft:arrow":1,"minecraft:spruce_boat":1,"minecraft:beetroot_seeds":1,"minecraft:hay_block":11,"minecraft:bone_meal":1,"minecraft:dark_oak_fence":2,"alexsmobs:flying_fish":1,"minecraft:coal":93,"iceandfire:raw_silver":1,"minecraft:cobblestone":441},"minecraft:dropped":{"minecraft:iron_ingot":1,"minecraft:oak_slab":2,"minecraft:wheat_seeds":43,"minecraft:raw_copper":64,"minecraft:wheat":1,"minecraft:cobblestone":1,"minecraft:rotten_flesh":1,"iceandfire:ectoplasm":3,"minecraft:copper_ingot":1,"minecraft:carrot":3,"iceandfire:shiny_scales":1,"minecraft:dirt":3,"minecraft:flower_pot":1,"minecraft:gunpowder":2,"minecraft:andesite":20,"minecraft:bone_meal":1,"minecraft:dead_bush":1,"minecraft:arrow":1,"minecraft:lily_pad":11,"minecraft:bone":1},"minecraft:used":{"naturalist:bass":1,"minecraft:leather_leggings":1,"minecraft:stone_sword":22,"minecraft:stone_pickaxe":690,"minecraft:wooden_pickaxe":28,"minecraft:cooked_salmon":6,"minecraft:salmon":3,"minecraft:torch":35,"minecraft:dirt":14,"iceandfire:copper_sword":106,"minecraft:crafting_table":5,"minecraft:spruce_boat":3,"minecraft:apple":1,"minecraft:bread":42,"minecraft:stone_axe":7,"minecraft:cobblestone":117,"minecraft:goat_horn":1,"minecraft:furnace":4,"alexsmobs:animal_dictionary":1,"minecraft:experience_bottle":1,"minecraft:light_gray_bed":3},"minecraft:custom":{"minecraft:interact_with_furnace":28,"minecraft:mob_kills":12,"minecraft:interact_with_crafting_table":20,"minecraft:open_barrel":9,"minecraft:eat_cake_slice":2,"minecraft:time_since_death":120153,"minecraft:sleep_in_bed":6,"minecraft:climb_one_cm":19006,"minecraft:time_since_rest":15840,"minecraft:sprint_one_cm":263907,"minecraft:damage_taken":2339,"minecraft:walk_one_cm":311621,"minecraft:trigger_trapped_chest":6,"minecraft:drop":25,"minecraft:damage_dealt":2781,"minecraft:swim_one_cm":44520,"minecraft:talked_to_villager":2,"minecraft:fly_one_cm":180309,"minecraft:open_chest":58,"minecraft:crouch_one_cm":2895,"minecraft:play_time":120153,"minecraft:sneak_time":553,"minecraft:walk_under_water_one_cm":30277,"minecraft:boat_one_cm":785947,"minecraft:jump":1567,"minecraft:walk_on_water_one_cm":29960,"minecraft:total_world_time":120153,"minecraft:fall_one_cm":28344},"minecraft:killed":{"minecraft:witch":1,"alexsmobs:catfish":1,"minecraft:pillager":1,"cataclysm:deepling_brute":1,"minecraft:zombie":1,"iceandfire:ghost":6,"cataclysm:deepling":1},"minecraft:crafted":{"minecraft:cooked_cod":4,"minecraft:oak_planks":24,"minecraft:crafting_table":5,"minecraft:spruce_planks":28,"minecraft:wooden_pickaxe":1,"minecraft:furnace":4,"minecraft:cooked_salmon":14,"minecraft:stone_axe":2,"minecraft:bread":49,"minecraft:air":0,"minecraft:iron_chestplate":1,"minecraft:stick":60,"minecraft:iron_ingot":8,"minecraft:stone_pickaxe":10,"minecraft:stone_sword":1,"alexsmobs:cooked_catfish":2,"minecraft:spruce_boat":2,"minecraft:acacia_planks":16,"minecraft:torch":128,"minecraft:wheat":99},"minecraft:mined":{"minecraft:acacia_leaves":2,"iceandfire:silver_ore":1,"minecraft:cobblestone_stairs":1,"minecraft:torch":1,"minecraft:potted_dead_bush":1,"minecraft:granite":1,"minecraft:dark_oak_fence":3,"minecraft:acacia_log":2,"minecraft:grass_block":7,"minecraft:light_gray_bed":4,"minecraft:glass":3,"minecraft:tall_grass":1,"minecraft:copper_ore":57,"minecraft:cobblestone":20,"minecraft:spruce_leaves":2,"minecraft:diorite":43,"minecraft:wall_torch":9,"minecraft:hay_block":11,"minecraft:tall_seagrass":2,"minecraft:furnace":3,"naturalist:duckweed":3,"minecraft:iron_ore":8,"minecraft:wheat":56,"minecraft:spruce_log":7,"minecraft:andesite":20,"minecraft:acacia_fence":1,"minecraft:grass":2,"minecraft:coal_ore":88,"minecraft:oak_log":9,"minecraft:beetroots":1,"minecraft:vine":3,"minecraft:gravel":1,"minecraft:dripstone_block":1,"minecraft:dirt":9,"minecraft:stone":456,"minecraft:oak_leaves":7,"minecraft:suspicious_gravel":1},"minecraft:broken":{"minecraft:stone_pickaxe":5}},"DataVersion":3465}