{"stats":{"minecraft:picked_up":{"minecraft:oak_slab":2,"minecraft:raw_iron":1,"minecraft:salmon":15,"minecraft:andesite":20,"minecraft:torch":8,"minecraft:dripstone_block":1,"minecraft:gravel":1,"minecraft:oak_log":4,"minecraft:diorite":27,"minecraft:spruce_log":7,"minecraft:dirt":17,"minecraft:raw_copper":205,"minecraft:bone":1,"minecraft:arrow":1,"minecraft:bow":1,"minecraft:stripped_oak_wood":2,"minecraft:coal":88,"iceandfire:raw_silver":1,"minecraft:cobblestone":437},"minecraft:used":{"minecraft:stone_pickaxe":669,"minecraft:wooden_pickaxe":28,"minecraft:torch":24,"minecraft:dirt":14,"minecraft:cobblestone":16,"minecraft:crafting_table":2,"alexsmobs:animal_dictionary":1},"minecraft:dropped":{"minecraft:dirt":3,"minecraft:oak_slab":2,"minecraft:gunpowder":2,"minecraft:wheat":1,"minecraft:cobblestone":1,"minecraft:rotten_flesh":1,"minecraft:arrow":1,"minecraft:bone":1},"minecraft:custom":{"minecraft:time_since_rest":36153,"minecraft:sprint_one_cm":16154,"minecraft:damage_taken":305,"minecraft:walk_one_cm":103847,"minecraft:drop":8,"minecraft:damage_dealt":80,"minecraft:interact_with_crafting_table":5,"minecraft:fly_one_cm":12714,"minecraft:open_chest":6,"minecraft:crouch_one_cm":622,"minecraft:play_time":36153,"minecraft:sneak_time":92,"minecraft:walk_under_water_one_cm":2163,"minecraft:jump":270,"minecraft:eat_cake_slice":2,"minecraft:time_since_death":36153,"minecraft:walk_on_water_one_cm":1053,"minecraft:climb_one_cm":3131,"minecraft:total_world_time":36153,"minecraft:fall_one_cm":3973},"minecraft:crafted":{"minecraft:oak_planks":24,"minecraft:crafting_table":2,"minecraft:spruce_planks":28,"minecraft:stick":36,"minecraft:wooden_pickaxe":1,"minecraft:stone_pickaxe":10,"minecraft:stone_sword":1,"minecraft:torch":40,"minecraft:stone_axe":1},"minecraft:mined":{"iceandfire:silver_ore":1,"minecraft:iron_ore":1,"minecraft:spruce_log":7,"minecraft:andesite":20,"minecraft:torch":1,"minecraft:granite":1,"minecraft:oak_log":4,"minecraft:grass_block":4,"minecraft:coal_ore":88,"minecraft:gravel":1,"minecraft:dripstone_block":1,"minecraft:dirt":9,"minecraft:copper_ore":57,"minecraft:cobblestone":15,"minecraft:spruce_leaves":2,"minecraft:stone":456,"minecraft:diorite":43,"minecraft:oak_leaves":7,"minecraft:wall_torch":8,"minecraft:suspicious_gravel":1},"minecraft:broken":{"minecraft:stone_pickaxe":5}},"DataVersion":3465}