{"stats":{"minecraft:picked_up":{"minecraft:stick":3,"iceandfire:ghost_chest":1,"minecraft:copper_ingot":1,"minecraft:brown_mushroom":3,"minecraft:red_mushroom":5,"minecraft:potato":4,"minecraft:oak_log":5,"iceandfire:manuscript":3,"minecraft:barrel":1,"minecraft:rotten_flesh":10,"iceandfire:silver_ingot":3,"minecraft:bone":12,"minecraft:slime_ball":6,"minecraft:melon_slice":24},"minecraft:used":{"minecraft:oak_log":1,"minecraft:melon_slice":9,"minecraft:bread":3,"iceandfire:ghost_chest":1,"minecraft:rotten_flesh":8,"alexsmobs:animal_dictionary":1},"minecraft:custom":{"minecraft:time_since_rest":9918,"minecraft:sprint_one_cm":175397,"minecraft:damage_taken":1185,"minecraft:walk_one_cm":69788,"minecraft:mob_kills":8,"minecraft:interact_with_anvil":1,"minecraft:damage_dealt":364,"minecraft:swim_one_cm":988,"minecraft:fly_one_cm":519404,"minecraft:open_barrel":13,"minecraft:open_chest":8,"minecraft:crouch_one_cm":93,"minecraft:play_time":37877,"minecraft:deaths":3,"minecraft:sneak_time":470,"minecraft:walk_under_water_one_cm":293,"minecraft:jump":909,"minecraft:time_since_death":9894,"minecraft:leave_game":1,"minecraft:walk_on_water_one_cm":797,"minecraft:sleep_in_bed":1,"minecraft:total_world_time":37877,"minecraft:climb_one_cm":8965,"minecraft:damage_resisted":20,"minecraft:fall_one_cm":24701},"minecraft:killed":{"minecraft:slime":7},"minecraft:crafted":{"minecraft:oak_planks":16,"minecraft:crafting_table":1},"minecraft:mined":{"minecraft:barrel":1,"alexsmobs:leafcutter_anthill":1,"minecraft:grass":5,"minecraft:oak_log":5,"minecraft:vine":2,"iceandfire:ghost_chest":1,"minecraft:dead_bush":2}},"DataVersion":3465}