{"stats":{"minecraft:crafted":{"minecraft:oak_planks":72,"iceandfire:dragon_bone_wall":1,"minecraft:iron_nugget":9,"minecraft:chain":3,"minecraft:iron_hoe":1,"minecraft:stone_pickaxe":1,"minecraft:chest":1,"minecraft:spruce_boat":1,"minecraft:wheat":291,"iceandfire:chain":1,"minecraft:cooked_beef":33,"minecraft:crafting_table":5,"minecraft:spruce_planks":8,"minecraft:wooden_pickaxe":1,"minecraft:baked_potato":12,"minecraft:iron_sword":1,"minecraft:bucket":1,"minecraft:bread":133,"minecraft:air":0,"minecraft:stick":52,"minecraft:iron_pickaxe":1,"minecraft:stone_sword":1,"minecraft:torch":188},"minecraft:used":{"minecraft:stone_sword":128,"mowziesmobs:umvuthana_mask_misery":2,"minecraft:iron_sword":183,"minecraft:rotten_flesh":8,"minecraft:torch":174,"iceandfire:chain":1,"minecraft:iron_hoe":106,"minecraft:spruce_boat":4,"iceandfire:dragon_bone_wall":1,"iceandfire:ghost_chest":1,"minecraft:bow":33,"minecraft:furnace":1,"minecraft:cooked_beef":28,"minecraft:potato":2,"minecraft:water_bucket":35,"minecraft:stone_pickaxe":90,"minecraft:baked_potato":11,"minecraft:oak_planks":11,"minecraft:wooden_pickaxe":15,"minecraft:white_wool":2,"minecraft:crafting_table":12,"minecraft:oak_log":1,"minecraft:apple":10,"minecraft:iron_pickaxe":4,"minecraft:bread":59,"minecraft:melon_slice":24,"minecraft:cobblestone":58,"minecraft:andesite":6,"minecraft:bucket":36,"alexsmobs:animal_dictionary":1},"minecraft:broken":{"aether:golden_gloves":1,"minecraft:stone_sword":1,"minecraft:golden_leggings":1},"minecraft:killed":{"iceandfire:gorgon":1,"minecraft:spider":5,"minecraft:slime":21,"creeperoverhaul:dripstone_creeper":1,"minecraft:skeleton":9,"alexsmobs:bison":8,"minecraft:pig":3,"naturalist:bear":1,"minecraft:creeper":2,"minecraft:sheep":7,"minecraft:zombie":3,"naturalist:catfish":1,"iceandfire:ghost":1,"iceandfire:lightning_dragon":1,"minecraft:cow":1,"minecraft:enderman":1},"minecraft:picked_up":{"iceandfire:dragon_skull_lightning":1,"minecraft:crafting_table":7,"minecraft:wheat":117,"minecraft:anvil":1,"minecraft:brown_mushroom":3,"iceandfire:chain":2,"iceandfire:manuscript":3,"minecraft:string":4,"minecraft:moss_carpet":1,"minecraft:beef":37,"minecraft:iron_nugget":7,"naturalist:catfish":1,"minecraft:melon_slice":24,"minecraft:furnace":1,"minecraft:stick":25,"minecraft:raw_iron":25,"iceandfire:dragonbone":44,"iceandfire:ghost_chest":1,"minecraft:copper_ingot":1,"minecraft:oak_fence":5,"minecraft:torch":6,"minecraft:porkchop":4,"iceandfire:lightning_dragon_flesh":6,"iceandfire:crackled_gravel":2,"iceandfire:dragon_bone_wall":2,"iceandfire:silver_ingot":3,"minecraft:stone_sword":1,"minecraft:arrow":39,"minecraft:rotten_flesh":14,"minecraft:hay_block":29,"minecraft:saddle":1,"minecraft:mutton":20,"alexsmobs:flying_fish":1,"minecraft:white_wool":16,"minecraft:cobblestone":64,"minecraft:birch_log":16,"minecraft:feather":4,"minecraft:cooked_beef":9,"iceandfire:sea_serpent_fang":6,"minecraft:andesite":6,"minecraft:leather":10,"minecraft:red_mushroom":5,"minecraft:potato":4,"alexsmobs:bison_fur":9,"minecraft:oak_log":19,"cataclysm:coral_spear":1,"minecraft:dirt":2,"minecraft:lantern":1,"minecraft:bone":19,"minecraft:apple":2,"minecraft:bow":1,"minecraft:wheat_seeds":117,"minecraft:acacia_sapling":2,"mowziesmobs:umvuthana_mask_misery":1,"iceandfire:sea_serpent_scales_deepblue":3,"minecraft:oak_planks":78,"minecraft:flowering_azalea":1,"iceandfire:copper_nugget":62,"iceandfire:ash":2,"iceandfire:shiny_scales":2,"minecraft:sand":1,"minecraft:grass_block":1,"minecraft:spruce_log":2,"iceandfire:lightning_dragon_heart":1,"minecraft:spider_eye":2,"minecraft:barrel":1,"iceandfire:dragonscales_copper":12,"minecraft:slime_ball":17,"minecraft:diamond":1,"minecraft:spruce_boat":3,"minecraft:golden_apple":1,"minecraft:emerald":1,"minecraft:golden_horse_armor":2,"minecraft:bread":33,"iceandfire:gorgon_head":1,"minecraft:oak_sapling":17,"minecraft:coal":31,"minecraft:ender_pearl":1},"minecraft:custom":{"minecraft:interact_with_anvil":1,"minecraft:mob_kills":68,"minecraft:interact_with_crafting_table":30,"minecraft:open_barrel":29,"minecraft:damage_dealt_resisted":3,"minecraft:eat_cake_slice":5,"minecraft:leave_game":2,"minecraft:time_since_death":21225,"minecraft:damage_resisted":182,"minecraft:climb_one_cm":18155,"minecraft:sprint_one_cm":929308,"minecraft:walk_one_cm":423385,"minecraft:drop":108,"minecraft:talked_to_villager":1,"minecraft:play_time":195199,"minecraft:sneak_time":2221,"minecraft:deaths":7,"minecraft:walk_under_water_one_cm":17625,"minecraft:boat_one_cm":46659,"minecraft:jump":4718,"minecraft:walk_on_water_one_cm":32845,"minecraft:total_world_time":195199,"minecraft:interact_with_furnace":38,"minecraft:sleep_in_bed":5,"minecraft:time_since_rest":1860,"minecraft:damage_taken":8572,"minecraft:damage_dealt":14311,"minecraft:swim_one_cm":29306,"minecraft:fly_one_cm":1320698,"minecraft:open_chest":38,"minecraft:crouch_one_cm":4786,"minecraft:fall_one_cm":121377,"minecraft:horse_one_cm":17009},"minecraft:dropped":{"minecraft:bread":53,"minecraft:wheat_seeds":99,"minecraft:lapis_lazuli":1,"minecraft:cooked_beef":12,"minecraft:baked_potato":2,"minecraft:golden_horse_armor":3,"minecraft:feather":4,"minecraft:book":7,"minecraft:leather":8,"minecraft:saddle":2,"minecraft:grass_block":1,"alexsmobs:bison_fur":9,"minecraft:stick":9,"minecraft:dirt":1,"iceandfire:copper_nugget":62,"minecraft:mutton":20,"alexsmobs:flying_fish":1,"naturalist:catfish":1,"iceandfire:ash":1,"minecraft:flowering_azalea":1,"minecraft:string":5,"minecraft:birch_log":16,"minecraft:white_wool":14,"iceandfire:dragonbone":16,"minecraft:moss_carpet":1,"minecraft:iron_nugget":10,"minecraft:stone_sword":1,"minecraft:music_disc_otherside":1,"minecraft:wheat":8,"minecraft:rotten_flesh":4,"minecraft:oak_planks":62,"minecraft:iron_hoe":1,"iceandfire:dragon_bone_wall":1,"iceandfire:crackled_gravel":2,"minecraft:gunpowder":1,"minecraft:spruce_planks":1,"minecraft:oak_sapling":14,"minecraft:acacia_sapling":2,"minecraft:spider_eye":2,"minecraft:wooden_pickaxe":1,"minecraft:arrow":7,"cataclysm:coral_spear":1,"iceandfire:manuscript":3},"minecraft:mined":{"minecraft:deepslate_diamond_ore":1,"minecraft:sculk_vein":1,"alexsmobs:leafcutter_anthill":1,"minecraft:grass_block":3,"minecraft:hay_block":30,"minecraft:furnace":1,"minecraft:iron_ore":19,"minecraft:barrel":1,"iceandfire:dragon_bone_wall":1,"minecraft:andesite":4,"minecraft:anvil":1,"iceandfire:crackled_dirt":1,"minecraft:sculk_shrieker":1,"minecraft:deepslate_iron_ore":6,"minecraft:vine":3,"minecraft:stone":34,"minecraft:crafting_table":5,"minecraft:torch":1,"iceandfire:ghost_chest":1,"minecraft:dead_bush":2,"minecraft:sculk_sensor":1,"minecraft:tall_grass":1,"minecraft:cobblestone":9,"minecraft:lapis_ore":1,"minecraft:sculk":76,"minecraft:wheat":110,"minecraft:spruce_log":2,"minecraft:birch_leaves":1,"minecraft:grass":18,"minecraft:oak_log":5,"minecraft:coal_ore":26,"minecraft:gravel":1,"minecraft:sand":6,"minecraft:dirt":1,"minecraft:mossy_stone_bricks":1,"minecraft:oak_leaves":6,"minecraft:deepslate":1}},"DataVersion":3465}