{"stats":{"minecraft:picked_up":{"minecraft:birch_log":16,"minecraft:crafting_table":4,"minecraft:brown_mushroom":3,"minecraft:red_mushroom":5,"alexsmobs:bison_fur":9,"minecraft:potato":4,"minecraft:oak_log":19,"iceandfire:manuscript":3,"minecraft:lantern":1,"minecraft:bone":15,"minecraft:apple":2,"minecraft:beef":37,"naturalist:catfish":1,"minecraft:melon_slice":24,"minecraft:furnace":1,"minecraft:stick":18,"minecraft:raw_iron":19,"iceandfire:ghost_chest":1,"minecraft:copper_ingot":1,"minecraft:oak_fence":5,"minecraft:porkchop":4,"minecraft:grass_block":1,"minecraft:spruce_log":2,"minecraft:barrel":1,"minecraft:spider_eye":1,"minecraft:stone_sword":1,"iceandfire:silver_ingot":3,"minecraft:arrow":3,"minecraft:rotten_flesh":10,"minecraft:slime_ball":17,"minecraft:hay_block":2,"minecraft:bread":4,"minecraft:oak_sapling":17,"minecraft:mutton":4,"minecraft:coal":26,"minecraft:white_wool":3,"minecraft:cobblestone":27,"minecraft:ender_pearl":1},"minecraft:used":{"minecraft:stone_sword":128,"minecraft:stone_pickaxe":44,"minecraft:baked_potato":11,"minecraft:oak_planks":3,"minecraft:wooden_pickaxe":15,"minecraft:iron_sword":18,"minecraft:rotten_flesh":8,"minecraft:torch":3,"minecraft:crafting_table":6,"minecraft:oak_log":1,"minecraft:bread":16,"minecraft:melon_slice":24,"iceandfire:ghost_chest":1,"minecraft:furnace":1,"alexsmobs:animal_dictionary":1,"minecraft:cooked_beef":3,"minecraft:potato":2},"minecraft:dropped":{"minecraft:bread":7,"minecraft:lapis_lazuli":1,"minecraft:baked_potato":2,"minecraft:stone_sword":1,"minecraft:golden_horse_armor":1,"minecraft:grass_block":1,"minecraft:gunpowder":1,"minecraft:oak_sapling":14,"naturalist:catfish":1,"minecraft:spider_eye":1,"minecraft:wooden_pickaxe":1,"minecraft:string":5},"minecraft:custom":{"minecraft:interact_with_furnace":36,"minecraft:interact_with_anvil":1,"minecraft:mob_kills":45,"minecraft:interact_with_crafting_table":15,"minecraft:open_barrel":27,"minecraft:leave_game":1,"minecraft:time_since_death":4195,"minecraft:sleep_in_bed":2,"minecraft:damage_resisted":20,"minecraft:climb_one_cm":12768,"minecraft:time_since_rest":4218,"minecraft:sprint_one_cm":426671,"minecraft:damage_taken":3360,"minecraft:walk_one_cm":183898,"minecraft:drop":15,"minecraft:damage_dealt":6558,"minecraft:talked_to_villager":1,"minecraft:swim_one_cm":5124,"minecraft:fly_one_cm":799157,"minecraft:open_chest":14,"minecraft:crouch_one_cm":512,"minecraft:play_time":85877,"minecraft:deaths":6,"minecraft:sneak_time":657,"minecraft:walk_under_water_one_cm":7292,"minecraft:jump":2392,"minecraft:walk_on_water_one_cm":5582,"minecraft:total_world_time":85877,"minecraft:horse_one_cm":2644,"minecraft:fall_one_cm":61715},"minecraft:killed":{"minecraft:pig":3,"minecraft:spider":3,"minecraft:slime":21,"minecraft:sheep":3,"minecraft:skeleton":4,"naturalist:catfish":1,"alexsmobs:bison":8,"minecraft:enderman":1},"minecraft:crafted":{"minecraft:cooked_beef":33,"minecraft:oak_planks":16,"minecraft:crafting_table":2,"minecraft:spruce_planks":8,"minecraft:wooden_pickaxe":1,"minecraft:baked_potato":12,"minecraft:iron_sword":1,"minecraft:bread":6,"minecraft:air":0,"minecraft:stick":8,"minecraft:stone_pickaxe":1,"minecraft:stone_sword":1,"minecraft:torch":8,"minecraft:wheat":18},"minecraft:mined":{"alexsmobs:leafcutter_anthill":1,"minecraft:crafting_table":3,"iceandfire:ghost_chest":1,"minecraft:dead_bush":2,"minecraft:hay_block":2,"minecraft:furnace":1,"minecraft:iron_ore":19,"minecraft:barrel":1,"minecraft:spruce_log":2,"minecraft:birch_leaves":1,"minecraft:grass":12,"minecraft:oak_log":5,"minecraft:coal_ore":26,"minecraft:vine":3,"minecraft:stone":11,"minecraft:oak_leaves":6},"minecraft:broken":{"aether:golden_gloves":1,"minecraft:stone_sword":1}},"DataVersion":3465}