{"stats":{"minecraft:picked_up":{"minecraft:raw_iron":5,"minecraft:stick":5,"minecraft:crafting_table":2,"iceandfire:ghost_chest":1,"minecraft:copper_ingot":1,"minecraft:oak_fence":5,"minecraft:brown_mushroom":3,"minecraft:red_mushroom":5,"minecraft:potato":4,"minecraft:oak_log":5,"minecraft:spruce_log":2,"iceandfire:manuscript":3,"minecraft:barrel":1,"minecraft:apple":1,"minecraft:rotten_flesh":10,"iceandfire:silver_ingot":3,"minecraft:bone":12,"minecraft:slime_ball":6,"minecraft:melon_slice":24,"minecraft:coal":9,"minecraft:cobblestone":20},"minecraft:used":{"minecraft:oak_log":1,"minecraft:melon_slice":24,"minecraft:bread":3,"minecraft:stone_pickaxe":6,"minecraft:baked_potato":1,"minecraft:oak_planks":3,"iceandfire:ghost_chest":1,"minecraft:wooden_pickaxe":15,"minecraft:rotten_flesh":8,"minecraft:torch":3,"minecraft:crafting_table":4,"alexsmobs:animal_dictionary":1,"minecraft:potato":2},"minecraft:custom":{"minecraft:time_since_rest":21918,"minecraft:interact_with_furnace":3,"minecraft:sprint_one_cm":216519,"minecraft:damage_taken":1488,"minecraft:walk_one_cm":91349,"minecraft:mob_kills":10,"minecraft:interact_with_anvil":1,"minecraft:damage_dealt":514,"minecraft:interact_with_crafting_table":11,"minecraft:swim_one_cm":988,"minecraft:fly_one_cm":566873,"minecraft:open_barrel":13,"minecraft:open_chest":12,"minecraft:crouch_one_cm":93,"minecraft:play_time":49877,"minecraft:deaths":3,"minecraft:sneak_time":535,"minecraft:walk_under_water_one_cm":5261,"minecraft:jump":1195,"minecraft:time_since_death":21894,"minecraft:leave_game":1,"minecraft:walk_on_water_one_cm":2071,"minecraft:sleep_in_bed":1,"minecraft:total_world_time":49877,"minecraft:climb_one_cm":9290,"minecraft:damage_resisted":20,"minecraft:fall_one_cm":33532},"minecraft:crafted":{"minecraft:oak_planks":16,"minecraft:crafting_table":2,"minecraft:spruce_planks":8,"minecraft:stick":8,"minecraft:baked_potato":1,"minecraft:wooden_pickaxe":1,"minecraft:stone_pickaxe":1,"minecraft:torch":8,"minecraft:air":0},"minecraft:killed":{"minecraft:skeleton":2,"minecraft:slime":7},"minecraft:mined":{"minecraft:iron_ore":5,"minecraft:barrel":1,"alexsmobs:leafcutter_anthill":1,"minecraft:spruce_log":2,"minecraft:crafting_table":1,"minecraft:grass":5,"minecraft:coal_ore":9,"minecraft:oak_log":5,"minecraft:vine":3,"iceandfire:ghost_chest":1,"minecraft:dead_bush":2,"minecraft:stone":5}},"DataVersion":3465}