{"stats":{"minecraft:crafted":{"minecraft:oak_planks":72,"iceandfire:armor_green_leggings":1,"iceandfire:dragon_bone_wall":1,"minecraft:leather_boots":1,"minecraft:iron_nugget":9,"iceandfire:armor_copper_boots":1,"minecraft:chain":3,"minecraft:furnace":1,"minecraft:glass":3,"minecraft:iron_hoe":1,"minecraft:stone_pickaxe":1,"minecraft:chest":1,"minecraft:spruce_boat":1,"iceandfire:chain":1,"minecraft:wheat":291,"minecraft:cooked_beef":33,"minecraft:glass_bottle":3,"sophisticatedbackpacks:backpack":1,"minecraft:crafting_table":5,"minecraft:spruce_planks":8,"minecraft:wooden_pickaxe":1,"minecraft:baked_potato":12,"minecraft:iron_sword":2,"minecraft:bucket":1,"minecraft:bread":133,"minecraft:air":0,"iceandfire:armor_copper_chestplate":1,"minecraft:stick":56,"minecraft:iron_pickaxe":1,"minecraft:stone_sword":1,"iceandfire:tide_red_helmet":1,"minecraft:torch":188},"minecraft:used":{"minecraft:stone_sword":128,"mowziesmobs:umvuthana_mask_misery":2,"minecraft:iron_sword":493,"minecraft:rotten_flesh":8,"minecraft:torch":191,"minecraft:dirt":9,"iceandfire:chain":4,"minecraft:iron_hoe":106,"minecraft:spruce_boat":4,"minecraft:lava_bucket":2,"iceandfire:dragon_bone_wall":2,"iceandfire:ghost_chest":1,"minecraft:bow":33,"minecraft:furnace":3,"minecraft:cooked_beef":28,"minecraft:potato":2,"minecraft:water_bucket":39,"minecraft:stone_pickaxe":100,"minecraft:baked_potato":11,"minecraft:oak_planks":14,"minecraft:wooden_pickaxe":15,"minecraft:white_wool":2,"minecraft:crafting_table":15,"minecraft:oak_log":1,"minecraft:apple":10,"minecraft:iron_pickaxe":13,"minecraft:bread":135,"minecraft:melon_slice":24,"minecraft:cobblestone":59,"minecraft:andesite":6,"minecraft:bucket":42,"alexsmobs:animal_dictionary":1},"minecraft:broken":{"aether:golden_gloves":1,"minecraft:stone_sword":1,"minecraft:golden_leggings":1,"mowziesmobs:umvuthana_mask_misery":1,"minecraft:iron_sword":1},"minecraft:killed":{"mowziesmobs:umvuthi":1,"iceandfire:gorgon":1,"minecraft:spider":9,"minecraft:slime":21,"creeperoverhaul:dripstone_creeper":1,"minecraft:skeleton":12,"iceandfire:fire_dragon":1,"mowziesmobs:umvuthana_crane":9,"alexsmobs:bison":8,"mowziesmobs:umvuthana":15,"minecraft:pig":3,"iceandfire:cyclops":1,"naturalist:bear":1,"minecraft:creeper":2,"minecraft:sheep":7,"minecraft:zombie":14,"naturalist:catfish":1,"iceandfire:ghost":1,"iceandfire:dread_ghoul":3,"iceandfire:lightning_dragon":2,"iceandfire:sea_serpent":1,"minecraft:enderman":1,"minecraft:cow":5},"minecraft:picked_up":{"iceandfire:dragon_skull_lightning":2,"minecraft:crafting_table":11,"minecraft:wheat":117,"minecraft:anvil":1,"minecraft:brown_mushroom":3,"iceandfire:chain":4,"iceandfire:manuscript":3,"minecraft:string":9,"minecraft:moss_carpet":1,"minecraft:beef":44,"minecraft:iron_nugget":7,"naturalist:catfish":1,"minecraft:melon_slice":24,"minecraft:furnace":2,"iceandfire:ghost_chest":1,"minecraft:stick":25,"minecraft:raw_iron":25,"iceandfire:dragonbone":58,"iceandfire:dragonscales_green":9,"mowziesmobs:sol_visage":1,"minecraft:copper_ingot":1,"minecraft:oak_fence":5,"minecraft:torch":6,"minecraft:porkchop":4,"iceandfire:lightning_dragon_flesh":9,"iceandfire:crackled_gravel":2,"iceandfire:dragon_bone_wall":2,"minecraft:brown_carpet":9,"mowziesmobs:umvuthana_mask_faith":2,"iceandfire:silver_ingot":3,"minecraft:stone_sword":1,"minecraft:arrow":44,"minecraft:rotten_flesh":27,"minecraft:hay_block":29,"iceandfire:fire_dragon_heart":1,"mowziesmobs:umvuthana_mask_bliss":1,"minecraft:saddle":1,"minecraft:mutton":29,"alexsmobs:flying_fish":1,"minecraft:white_wool":21,"minecraft:cobblestone":73,"minecraft:birch_log":16,"minecraft:feather":23,"minecraft:cooked_beef":9,"iceandfire:sea_serpent_fang":15,"minecraft:andesite":6,"minecraft:leather":15,"minecraft:red_mushroom":5,"minecraft:potato":4,"alexsmobs:bison_fur":9,"minecraft:oak_log":19,"iceandfire:dread_stone_bricks_cracked":2,"cataclysm:coral_spear":1,"minecraft:dirt":18,"minecraft:lantern":1,"minecraft:glass":5,"minecraft:bone":27,"minecraft:apple":2,"mowziesmobs:umvuthana_mask_rage":4,"minecraft:bow":1,"minecraft:wheat_seeds":124,"minecraft:iron_ingot":1,"iceandfire:sea_serpent_scales_deepblue":3,"minecraft:acacia_sapling":3,"mowziesmobs:umvuthana_mask_misery":7,"minecraft:iron_sword":3,"minecraft:oak_planks":78,"minecraft:flowering_azalea":1,"iceandfire:copper_nugget":70,"iceandfire:ash":2,"ecologics:coconut_husk":6,"iceandfire:shiny_scales":2,"minecraft:sand":9,"minecraft:spruce_log":2,"minecraft:grass_block":1,"iceandfire:lightning_dragon_heart":2,"minecraft:spider_eye":2,"minecraft:barrel":1,"iceandfire:dragonscales_copper":12,"minecraft:slime_ball":28,"minecraft:diamond":1,"minecraft:spruce_boat":3,"iceandfire:dread_stone_bricks_mossy":1,"iceandfire:sea_serpent_scales_red":5,"minecraft:golden_apple":1,"minecraft:bread":35,"minecraft:golden_horse_armor":2,"minecraft:emerald":1,"mowziesmobs:umvuthana_mask_fear":1,"iceandfire:gorgon_head":1,"minecraft:oak_sapling":17,"minecraft:black_wool":1,"minecraft:coal":33,"minecraft:diamond_pickaxe":1,"minecraft:sunflower":6,"minecraft:ender_pearl":1},"minecraft:custom":{"minecraft:interact_with_anvil":1,"minecraft:mob_kills":123,"minecraft:interact_with_crafting_table":49,"minecraft:open_barrel":29,"minecraft:damage_dealt_resisted":160,"minecraft:eat_cake_slice":5,"minecraft:leave_game":3,"minecraft:time_since_death":77800,"minecraft:damage_resisted":375,"minecraft:climb_one_cm":21096,"minecraft:sprint_one_cm":1172307,"minecraft:walk_one_cm":575354,"minecraft:drop":135,"minecraft:talked_to_villager":1,"minecraft:play_time":251774,"minecraft:sneak_time":5070,"minecraft:deaths":7,"minecraft:walk_under_water_one_cm":22417,"minecraft:boat_one_cm":46659,"minecraft:interact_with_brewingstand":1,"minecraft:jump":6004,"minecraft:walk_on_water_one_cm":48883,"minecraft:total_world_time":251774,"minecraft:interact_with_furnace":46,"minecraft:sleep_in_bed":8,"minecraft:time_since_rest":18115,"minecraft:damage_taken":11651,"minecraft:damage_dealt":25445,"minecraft:swim_one_cm":46167,"minecraft:fly_one_cm":1611445,"minecraft:open_chest":59,"minecraft:crouch_one_cm":17058,"minecraft:fall_one_cm":159807,"minecraft:horse_one_cm":17009},"minecraft:dropped":{"minecraft:iron_ingot":1,"minecraft:bread":58,"minecraft:iron_sword":2,"minecraft:wheat_seeds":106,"minecraft:lapis_lazuli":1,"minecraft:cooked_beef":12,"minecraft:baked_potato":2,"minecraft:golden_horse_armor":3,"minecraft:feather":23,"minecraft:book":7,"minecraft:leather":8,"minecraft:saddle":2,"minecraft:grass_block":1,"alexsmobs:bison_fur":9,"minecraft:stick":9,"minecraft:dirt":7,"iceandfire:copper_nugget":70,"minecraft:mutton":20,"alexsmobs:flying_fish":1,"naturalist:catfish":1,"minecraft:flowering_azalea":1,"minecraft:sunflower":4,"iceandfire:ash":2,"minecraft:iron_pickaxe":1,"minecraft:string":5,"minecraft:birch_log":16,"minecraft:white_wool":14,"iceandfire:dragonbone":16,"minecraft:moss_carpet":1,"minecraft:iron_nugget":10,"minecraft:stone_sword":1,"minecraft:music_disc_otherside":1,"minecraft:wheat":8,"minecraft:rotten_flesh":15,"minecraft:oak_planks":62,"minecraft:iron_hoe":1,"iceandfire:dragon_bone_wall":1,"iceandfire:crackled_gravel":2,"minecraft:gunpowder":1,"minecraft:spruce_planks":1,"minecraft:leather_boots":1,"ecologics:coconut_husk":4,"minecraft:oak_sapling":14,"minecraft:acacia_sapling":3,"minecraft:spider_eye":2,"minecraft:brown_carpet":9,"minecraft:stone_pickaxe":1,"minecraft:slime_ball":11,"minecraft:arrow":7,"minecraft:wooden_pickaxe":1,"iceandfire:manuscript":3,"iceandfire:dragon_skull_lightning":1,"cataclysm:coral_spear":1,"minecraft:black_wool":1},"minecraft:mined":{"minecraft:deepslate_diamond_ore":1,"minecraft:sculk_vein":1,"alexsmobs:leafcutter_anthill":1,"minecraft:grass_block":4,"iceandfire:dread_spawner":2,"minecraft:tall_seagrass":3,"minecraft:hay_block":30,"minecraft:furnace":2,"minecraft:iron_ore":19,"minecraft:barrel":1,"iceandfire:dragon_bone_wall":1,"minecraft:andesite":4,"minecraft:anvil":1,"iceandfire:crackled_dirt":1,"minecraft:azure_bluet":1,"minecraft:sculk_shrieker":1,"minecraft:deepslate_iron_ore":6,"minecraft:vine":3,"iceandfire:dread_stone_bricks_cracked":2,"minecraft:stone":43,"minecraft:cornflower":1,"minecraft:crafting_table":9,"minecraft:torch":1,"iceandfire:ghost_chest":1,"minecraft:dead_bush":2,"minecraft:sculk_sensor":1,"minecraft:tall_grass":4,"minecraft:cobblestone":9,"minecraft:lapis_ore":1,"minecraft:sculk":76,"minecraft:wheat":110,"minecraft:spruce_log":2,"minecraft:birch_leaves":1,"minecraft:grass":51,"iceandfire:dread_stone_bricks_mossy":2,"minecraft:coal_ore":26,"minecraft:oak_log":5,"minecraft:sand":14,"minecraft:sunflower":5,"minecraft:gravel":1,"minecraft:dirt":4,"iceandfire:dread_stone_bricks":1,"minecraft:oak_leaves":6,"minecraft:deepslate":1,"minecraft:mossy_stone_bricks":1}},"DataVersion":3465}