{"stats":{"minecraft:picked_up":{"minecraft:crafting_table":7,"minecraft:wheat":106,"minecraft:brown_mushroom":3,"iceandfire:manuscript":3,"minecraft:moss_carpet":1,"minecraft:beef":37,"naturalist:catfish":1,"minecraft:melon_slice":24,"minecraft:furnace":1,"minecraft:raw_iron":25,"minecraft:stick":25,"iceandfire:dragonbone":22,"iceandfire:ghost_chest":1,"minecraft:copper_ingot":1,"minecraft:oak_fence":5,"minecraft:torch":5,"minecraft:porkchop":4,"minecraft:rotten_flesh":14,"iceandfire:silver_ingot":3,"minecraft:stone_sword":1,"minecraft:arrow":7,"minecraft:hay_block":29,"minecraft:mutton":10,"minecraft:cobblestone":64,"minecraft:white_wool":6,"alexsmobs:flying_fish":1,"minecraft:birch_log":16,"minecraft:cooked_beef":9,"iceandfire:sea_serpent_fang":6,"minecraft:andesite":6,"minecraft:red_mushroom":5,"minecraft:potato":4,"alexsmobs:bison_fur":9,"minecraft:oak_log":19,"cataclysm:coral_spear":1,"minecraft:lantern":1,"minecraft:bone":16,"minecraft:apple":2,"minecraft:wheat_seeds":90,"iceandfire:sea_serpent_scales_deepblue":3,"minecraft:oak_planks":40,"minecraft:flowering_azalea":1,"iceandfire:shiny_scales":1,"minecraft:sand":1,"minecraft:spruce_log":2,"minecraft:grass_block":1,"minecraft:spider_eye":2,"minecraft:barrel":1,"minecraft:slime_ball":17,"minecraft:diamond":1,"minecraft:spruce_boat":3,"minecraft:golden_apple":1,"minecraft:bread":33,"iceandfire:gorgon_head":1,"minecraft:oak_sapling":17,"minecraft:coal":31,"minecraft:ender_pearl":1},"minecraft:used":{"minecraft:stone_sword":128,"minecraft:iron_sword":129,"minecraft:rotten_flesh":8,"minecraft:torch":174,"minecraft:iron_hoe":106,"minecraft:spruce_boat":4,"iceandfire:ghost_chest":1,"minecraft:furnace":1,"minecraft:potato":2,"minecraft:cooked_beef":28,"minecraft:water_bucket":34,"minecraft:stone_pickaxe":89,"minecraft:baked_potato":11,"minecraft:oak_planks":11,"minecraft:wooden_pickaxe":15,"minecraft:white_wool":1,"minecraft:crafting_table":10,"minecraft:oak_log":1,"minecraft:apple":9,"minecraft:iron_pickaxe":2,"minecraft:melon_slice":24,"minecraft:bread":31,"minecraft:bucket":35,"alexsmobs:animal_dictionary":1},"minecraft:dropped":{"minecraft:bread":53,"minecraft:wheat_seeds":72,"minecraft:lapis_lazuli":1,"minecraft:cooked_beef":12,"minecraft:baked_potato":2,"minecraft:golden_horse_armor":1,"minecraft:book":7,"minecraft:grass_block":1,"alexsmobs:bison_fur":9,"minecraft:stick":7,"alexsmobs:flying_fish":1,"naturalist:catfish":1,"minecraft:flowering_azalea":1,"minecraft:string":5,"minecraft:birch_log":16,"minecraft:moss_carpet":1,"minecraft:stone_sword":1,"minecraft:music_disc_otherside":1,"minecraft:wheat":1,"minecraft:rotten_flesh":4,"minecraft:oak_planks":24,"minecraft:gunpowder":1,"minecraft:spruce_planks":1,"minecraft:oak_sapling":14,"minecraft:spider_eye":2,"minecraft:wooden_pickaxe":1,"iceandfire:manuscript":3},"minecraft:custom":{"minecraft:mob_kills":64,"minecraft:interact_with_anvil":1,"minecraft:interact_with_crafting_table":23,"minecraft:open_barrel":27,"minecraft:leave_game":1,"minecraft:time_since_death":76195,"minecraft:climb_one_cm":16402,"minecraft:damage_resisted":20,"minecraft:sprint_one_cm":816947,"minecraft:walk_one_cm":347603,"minecraft:drop":62,"minecraft:talked_to_villager":1,"minecraft:walk_under_water_one_cm":15173,"minecraft:deaths":6,"minecraft:play_time":157877,"minecraft:sneak_time":1554,"minecraft:boat_one_cm":46659,"minecraft:jump":3946,"minecraft:walk_on_water_one_cm":31873,"minecraft:total_world_time":157877,"minecraft:interact_with_furnace":38,"minecraft:sleep_in_bed":4,"minecraft:time_since_rest":53720,"minecraft:damage_taken":5895,"minecraft:damage_dealt":11979,"minecraft:fly_one_cm":1136915,"minecraft:swim_one_cm":26324,"minecraft:open_chest":25,"minecraft:crouch_one_cm":2314,"minecraft:fall_one_cm":98932,"minecraft:horse_one_cm":2644},"minecraft:killed":{"iceandfire:gorgon":1,"minecraft:spider":5,"minecraft:slime":21,"creeperoverhaul:dripstone_creeper":1,"minecraft:skeleton":8,"alexsmobs:bison":8,"minecraft:pig":3,"naturalist:bear":1,"minecraft:creeper":2,"minecraft:sheep":7,"naturalist:catfish":1,"minecraft:zombie":2,"iceandfire:ghost":1,"minecraft:enderman":1},"minecraft:crafted":{"minecraft:oak_planks":72,"minecraft:iron_hoe":1,"minecraft:stone_pickaxe":1,"minecraft:spruce_boat":1,"minecraft:wheat":54,"minecraft:cooked_beef":33,"minecraft:crafting_table":4,"minecraft:spruce_planks":8,"minecraft:wooden_pickaxe":1,"minecraft:baked_potato":12,"minecraft:iron_sword":1,"minecraft:bucket":1,"minecraft:bread":53,"minecraft:air":0,"minecraft:stick":52,"minecraft:iron_pickaxe":1,"minecraft:stone_sword":1,"minecraft:torch":188},"minecraft:mined":{"minecraft:deepslate_diamond_ore":1,"minecraft:sculk_vein":1,"alexsmobs:leafcutter_anthill":1,"minecraft:grass_block":1,"minecraft:hay_block":30,"minecraft:furnace":1,"minecraft:iron_ore":19,"minecraft:barrel":1,"minecraft:andesite":4,"minecraft:sculk_shrieker":1,"minecraft:deepslate_iron_ore":6,"minecraft:vine":3,"minecraft:stone":33,"minecraft:crafting_table":5,"minecraft:torch":1,"iceandfire:ghost_chest":1,"minecraft:dead_bush":2,"minecraft:sculk_sensor":1,"minecraft:cobblestone":9,"minecraft:lapis_ore":1,"minecraft:sculk":76,"minecraft:wheat":110,"minecraft:spruce_log":2,"minecraft:birch_leaves":1,"minecraft:grass":16,"minecraft:coal_ore":26,"minecraft:oak_log":5,"minecraft:gravel":1,"minecraft:sand":6,"minecraft:mossy_stone_bricks":1,"minecraft:oak_leaves":6,"minecraft:deepslate":1},"minecraft:broken":{"aether:golden_gloves":1,"minecraft:stone_sword":1}},"DataVersion":3465}