{"stats":{"minecraft:picked_up":{"minecraft:stick":3,"minecraft:slime_ball":6},"minecraft:custom":{"minecraft:open_barrel":3,"minecraft:time_since_rest":2320,"minecraft:open_chest":5,"minecraft:crouch_one_cm":93,"minecraft:sprint_one_cm":44449,"minecraft:play_time":13877,"minecraft:damage_taken":80,"minecraft:walk_one_cm":17133,"minecraft:sneak_time":360,"minecraft:mob_kills":7,"minecraft:jump":225,"minecraft:damage_dealt":102,"minecraft:leave_game":1,"minecraft:walk_on_water_one_cm":422,"minecraft:time_since_death":13877,"minecraft:sleep_in_bed":1,"minecraft:climb_one_cm":3363,"minecraft:total_world_time":13877,"minecraft:damage_resisted":20,"minecraft:fall_one_cm":5004,"minecraft:fly_one_cm":368932},"minecraft:killed":{"minecraft:slime":7},"minecraft:mined":{"minecraft:grass":2,"minecraft:dead_bush":2}},"DataVersion":3465}