{"stats":{"minecraft:picked_up":{"minecraft:birch_log":16,"minecraft:crafting_table":5,"minecraft:wheat":106,"minecraft:cooked_beef":9,"iceandfire:sea_serpent_fang":6,"minecraft:andesite":6,"minecraft:brown_mushroom":3,"minecraft:red_mushroom":5,"alexsmobs:bison_fur":9,"minecraft:potato":4,"minecraft:oak_log":19,"cataclysm:coral_spear":1,"iceandfire:manuscript":3,"minecraft:lantern":1,"minecraft:bone":15,"minecraft:apple":2,"minecraft:wheat_seeds":90,"minecraft:beef":37,"naturalist:catfish":1,"minecraft:melon_slice":24,"iceandfire:sea_serpent_scales_deepblue":3,"minecraft:oak_planks":16,"minecraft:furnace":1,"minecraft:stick":25,"minecraft:raw_iron":19,"iceandfire:ghost_chest":1,"minecraft:copper_ingot":1,"minecraft:oak_fence":5,"minecraft:torch":1,"iceandfire:shiny_scales":1,"minecraft:porkchop":4,"minecraft:grass_block":1,"minecraft:spruce_log":2,"minecraft:barrel":1,"minecraft:spider_eye":1,"minecraft:stone_sword":1,"iceandfire:silver_ingot":3,"minecraft:arrow":5,"minecraft:rotten_flesh":13,"minecraft:slime_ball":17,"minecraft:spruce_boat":3,"minecraft:hay_block":2,"minecraft:golden_apple":1,"minecraft:bread":4,"iceandfire:gorgon_head":1,"alexsmobs:flying_fish":1,"minecraft:oak_sapling":17,"minecraft:mutton":4,"minecraft:coal":31,"minecraft:white_wool":3,"minecraft:cobblestone":62,"minecraft:ender_pearl":1},"minecraft:used":{"minecraft:stone_sword":128,"minecraft:stone_pickaxe":80,"minecraft:baked_potato":11,"minecraft:oak_planks":3,"minecraft:wooden_pickaxe":15,"minecraft:iron_sword":92,"minecraft:rotten_flesh":8,"minecraft:torch":65,"minecraft:crafting_table":8,"minecraft:spruce_boat":4,"minecraft:oak_log":1,"minecraft:bread":21,"minecraft:melon_slice":24,"iceandfire:ghost_chest":1,"minecraft:furnace":1,"alexsmobs:animal_dictionary":1,"minecraft:cooked_beef":25,"minecraft:potato":2},"minecraft:dropped":{"minecraft:bread":7,"minecraft:wheat_seeds":64,"minecraft:cooked_beef":12,"minecraft:lapis_lazuli":1,"minecraft:baked_potato":2,"minecraft:stone_sword":1,"minecraft:golden_horse_armor":1,"minecraft:rotten_flesh":1,"minecraft:grass_block":1,"alexsmobs:bison_fur":9,"minecraft:stick":7,"minecraft:gunpowder":1,"alexsmobs:flying_fish":1,"minecraft:oak_sapling":14,"naturalist:catfish":1,"minecraft:spider_eye":1,"minecraft:wooden_pickaxe":1,"minecraft:string":5,"iceandfire:manuscript":3},"minecraft:custom":{"minecraft:interact_with_furnace":37,"minecraft:interact_with_anvil":1,"minecraft:mob_kills":51,"minecraft:interact_with_crafting_table":19,"minecraft:open_barrel":27,"minecraft:leave_game":1,"minecraft:time_since_death":40195,"minecraft:sleep_in_bed":4,"minecraft:damage_resisted":20,"minecraft:climb_one_cm":15044,"minecraft:time_since_rest":17720,"minecraft:sprint_one_cm":628760,"minecraft:damage_taken":5016,"minecraft:walk_one_cm":282030,"minecraft:drop":33,"minecraft:damage_dealt":10053,"minecraft:talked_to_villager":1,"minecraft:swim_one_cm":23402,"minecraft:fly_one_cm":948410,"minecraft:open_chest":17,"minecraft:crouch_one_cm":590,"minecraft:play_time":121877,"minecraft:deaths":6,"minecraft:sneak_time":737,"minecraft:walk_under_water_one_cm":10058,"minecraft:boat_one_cm":46659,"minecraft:jump":3072,"minecraft:walk_on_water_one_cm":12897,"minecraft:total_world_time":121877,"minecraft:horse_one_cm":2644,"minecraft:fall_one_cm":75874},"minecraft:killed":{"minecraft:pig":3,"naturalist:bear":1,"iceandfire:gorgon":1,"minecraft:spider":3,"minecraft:slime":21,"minecraft:creeper":1,"minecraft:sheep":3,"minecraft:skeleton":5,"minecraft:zombie":1,"naturalist:catfish":1,"iceandfire:ghost":1,"alexsmobs:bison":8,"minecraft:enderman":1},"minecraft:crafted":{"minecraft:cooked_beef":33,"minecraft:oak_planks":28,"minecraft:crafting_table":3,"minecraft:spruce_planks":8,"minecraft:wooden_pickaxe":1,"minecraft:baked_potato":12,"minecraft:iron_sword":1,"minecraft:bread":32,"minecraft:air":0,"minecraft:stick":16,"minecraft:stone_pickaxe":1,"minecraft:stone_sword":1,"minecraft:spruce_boat":1,"minecraft:torch":68,"minecraft:wheat":54},"minecraft:mined":{"alexsmobs:leafcutter_anthill":1,"minecraft:crafting_table":4,"iceandfire:ghost_chest":1,"minecraft:dead_bush":2,"minecraft:cobblestone":7,"minecraft:lapis_ore":1,"minecraft:hay_block":2,"minecraft:furnace":1,"minecraft:wheat":110,"minecraft:iron_ore":19,"minecraft:barrel":1,"minecraft:spruce_log":2,"minecraft:andesite":4,"minecraft:birch_leaves":1,"minecraft:grass":14,"minecraft:oak_log":5,"minecraft:coal_ore":26,"minecraft:vine":3,"minecraft:gravel":1,"minecraft:deepslate":1,"minecraft:stone":33,"minecraft:oak_leaves":6},"minecraft:broken":{"aether:golden_gloves":1,"minecraft:stone_sword":1}},"DataVersion":3465}