{"stat.pickup.minecraft.log":5,"stat.flyOneCm":48337,"stat.walkOneCm":22847,"stat.pickup.minecraft.wheat_seeds":11,"stat.jump":214,"stat.swimOneCm":313,"stat.mineBlock.minecraft.leaves":1,"stat.playerKills":1,"stat.playOneMinute":8681,"stat.fallOneCm":5219,"stat.pickup.minecraft.red_flower":1,"stat.leaveGame":1,"stat.damageTaken":195,"stat.damageDealt":503,"stat.timeSinceDeath":8681,"stat.mineBlock.minecraft.double_plant":10,"stat.sprintOneCm":31802,"stat.mobKills":1,"stat.mineBlock.minecraft.log":5,"stat.mineBlock.minecraft.tallgrass":121,"stat.diveOneCm":588}