{"stats":{"minecraft:picked_up":{"minecraft:crafting_table":4,"minecraft:brown_mushroom":3,"minecraft:red_mushroom":5,"minecraft:potato":4,"minecraft:oak_log":5,"iceandfire:manuscript":3,"minecraft:lantern":1,"minecraft:bone":13,"minecraft:apple":1,"naturalist:catfish":1,"minecraft:melon_slice":24,"minecraft:furnace":1,"minecraft:stick":8,"minecraft:raw_iron":19,"iceandfire:ghost_chest":1,"minecraft:copper_ingot":1,"minecraft:oak_fence":5,"minecraft:porkchop":4,"minecraft:grass_block":1,"minecraft:spruce_log":2,"minecraft:barrel":1,"minecraft:spider_eye":1,"minecraft:stone_sword":1,"iceandfire:silver_ingot":3,"minecraft:rotten_flesh":10,"minecraft:slime_ball":17,"minecraft:hay_block":2,"minecraft:bread":4,"minecraft:oak_sapling":3,"minecraft:mutton":3,"minecraft:coal":26,"minecraft:white_wool":2,"minecraft:cobblestone":27,"minecraft:ender_pearl":1},"minecraft:used":{"minecraft:stone_sword":63,"minecraft:stone_pickaxe":44,"minecraft:baked_potato":10,"minecraft:oak_planks":3,"minecraft:wooden_pickaxe":15,"minecraft:rotten_flesh":8,"minecraft:torch":3,"minecraft:crafting_table":5,"minecraft:oak_log":1,"minecraft:bread":8,"minecraft:melon_slice":24,"iceandfire:ghost_chest":1,"alexsmobs:animal_dictionary":1,"minecraft:potato":2},"minecraft:dropped":{"minecraft:bread":7,"minecraft:baked_potato":2,"minecraft:stone_sword":1,"minecraft:grass_block":1,"minecraft:spider_eye":1},"minecraft:custom":{"minecraft:interact_with_furnace":18,"minecraft:interact_with_anvil":1,"minecraft:mob_kills":33,"minecraft:interact_with_crafting_table":14,"minecraft:open_barrel":22,"minecraft:leave_game":1,"minecraft:time_since_death":4902,"minecraft:sleep_in_bed":1,"minecraft:damage_resisted":20,"minecraft:climb_one_cm":11678,"minecraft:time_since_rest":4928,"minecraft:sprint_one_cm":354338,"minecraft:damage_taken":2585,"minecraft:walk_one_cm":149376,"minecraft:drop":8,"minecraft:damage_dealt":2458,"minecraft:talked_to_villager":1,"minecraft:swim_one_cm":5124,"minecraft:fly_one_cm":731823,"minecraft:open_chest":14,"minecraft:crouch_one_cm":262,"minecraft:play_time":73877,"minecraft:deaths":5,"minecraft:sneak_time":600,"minecraft:walk_under_water_one_cm":7292,"minecraft:jump":2077,"minecraft:walk_on_water_one_cm":5582,"minecraft:total_world_time":73877,"minecraft:horse_one_cm":2644,"minecraft:fall_one_cm":55430},"minecraft:killed":{"minecraft:pig":3,"minecraft:spider":2,"minecraft:slime":21,"minecraft:sheep":2,"minecraft:skeleton":2,"naturalist:catfish":1,"minecraft:enderman":1},"minecraft:crafted":{"minecraft:oak_planks":16,"minecraft:crafting_table":2,"minecraft:spruce_planks":8,"minecraft:wooden_pickaxe":1,"minecraft:baked_potato":12,"minecraft:bread":6,"minecraft:air":0,"minecraft:stick":8,"minecraft:stone_pickaxe":1,"minecraft:stone_sword":1,"minecraft:torch":8,"minecraft:wheat":18},"minecraft:mined":{"alexsmobs:leafcutter_anthill":1,"minecraft:crafting_table":3,"iceandfire:ghost_chest":1,"minecraft:dead_bush":2,"minecraft:hay_block":2,"minecraft:furnace":1,"minecraft:iron_ore":19,"minecraft:barrel":1,"minecraft:spruce_log":2,"minecraft:grass":10,"minecraft:oak_log":5,"minecraft:coal_ore":26,"minecraft:vine":3,"minecraft:stone":11,"minecraft:oak_leaves":4}},"DataVersion":3465}