{"stats":{"minecraft:picked_up":{"minecraft:bone":12,"iceandfire:silver_ingot":3,"minecraft:stick":3,"minecraft:slime_ball":6,"minecraft:copper_ingot":1,"minecraft:brown_mushroom":3,"minecraft:red_mushroom":5,"minecraft:oak_log":5,"iceandfire:manuscript":3,"minecraft:barrel":1,"iceandfire:ghost_chest":1,"minecraft:rotten_flesh":10},"minecraft:used":{"alexsmobs:animal_dictionary":1,"iceandfire:ghost_chest":1,"minecraft:rotten_flesh":5},"minecraft:custom":{"minecraft:open_barrel":9,"minecraft:time_since_rest":8517,"minecraft:open_chest":6,"minecraft:crouch_one_cm":93,"minecraft:sprint_one_cm":104967,"minecraft:play_time":25877,"minecraft:deaths":2,"minecraft:damage_taken":685,"minecraft:walk_one_cm":38121,"minecraft:sneak_time":360,"minecraft:interact_with_anvil":1,"minecraft:mob_kills":7,"minecraft:jump":563,"minecraft:damage_dealt":143,"minecraft:leave_game":1,"minecraft:walk_on_water_one_cm":422,"minecraft:time_since_death":8492,"minecraft:sleep_in_bed":1,"minecraft:climb_one_cm":6572,"minecraft:total_world_time":25877,"minecraft:damage_resisted":20,"minecraft:fall_one_cm":17882,"minecraft:fly_one_cm":445608},"minecraft:killed":{"minecraft:slime":7},"minecraft:crafted":{"minecraft:oak_planks":16,"minecraft:crafting_table":1},"minecraft:mined":{"minecraft:grass":2,"minecraft:oak_log":5,"iceandfire:ghost_chest":1,"minecraft:vine":1,"minecraft:dead_bush":2,"minecraft:barrel":1}},"DataVersion":3465}