{"stat.flyOneCm":8984,"stat.killEntity.Skeleton":1,"stat.deaths":2,"stat.walkOneCm":13434,"stat.pickup.minecraft.wheat_seeds":11,"stat.jump":83,"stat.playerKills":1,"stat.entityKilledBy.Spider":1,"stat.playOneMinute":6033,"stat.fallOneCm":1678,"stat.leaveGame":1,"stat.sneakTime":45,"stat.damageTaken":483,"stat.damageDealt":444,"stat.crouchOneCm":416,"stat.mineBlock.minecraft.red_flower":1,"stat.timeSinceDeath":1021,"stat.mineBlock.minecraft.double_plant":6,"stat.sprintOneCm":14919,"stat.mobKills":1,"stat.mineBlock.minecraft.tallgrass":59}