{"stats":{"minecraft:crafted":{"minecraft:oak_planks":36,"minecraft:iron_chestplate":1,"minecraft:shield":1,"minecraft:crafting_table":3,"minecraft:stick":36,"minecraft:iron_pickaxe":1,"minecraft:iron_ingot":11,"minecraft:wooden_pickaxe":2,"minecraft:stone_pickaxe":3,"minecraft:furnace":1,"minecraft:stone_axe":2,"minecraft:air":0,"minecraft:jungle_planks":76},"minecraft:used":{"minecraft:stone_pickaxe":201,"minecraft:iron_pickaxe":10,"minecraft:wooden_pickaxe":20,"minecraft:stone_axe":16,"minecraft:dirt":2,"minecraft:crafting_table":5,"minecraft:furnace":2},"minecraft:broken":{"minecraft:stone_pickaxe":1},"minecraft:killed":{"mowziesmobs:umvuthana":1},"minecraft:picked_up":{"minecraft:stick":4,"minecraft:cocoa_beans":6,"minecraft:raw_iron":22,"minecraft:crafting_table":5,"minecraft:jungle_log":20,"minecraft:jungle_planks":2,"minecraft:oak_log":9,"minecraft:dirt":8,"minecraft:wheat_seeds":3,"minecraft:hay_block":2,"minecraft:iron_ingot":3,"minecraft:spruce_sign":1,"minecraft:oak_sapling":1,"minecraft:coal":15,"minecraft:cobblestone":175,"minecraft:furnace":2},"minecraft:custom":{"minecraft:time_since_rest":12443,"minecraft:interact_with_furnace":7,"minecraft:sprint_one_cm":44702,"minecraft:damage_taken":312,"minecraft:walk_one_cm":71825,"minecraft:mob_kills":1,"minecraft:drop":1,"minecraft:damage_dealt":19,"minecraft:interact_with_crafting_table":14,"minecraft:swim_one_cm":486,"minecraft:fly_one_cm":7877,"minecraft:crouch_one_cm":54,"minecraft:play_time":19217,"minecraft:deaths":1,"minecraft:sneak_time":5,"minecraft:walk_under_water_one_cm":1374,"minecraft:jump":133,"minecraft:walk_on_water_one_cm":858,"minecraft:time_since_death":12418,"minecraft:climb_one_cm":1634,"minecraft:total_world_time":19217,"minecraft:fall_one_cm":1572},"minecraft:dropped":{"minecraft:stone_axe":1},"minecraft:mined":{"minecraft:hay_block":3,"minecraft:furnace":2,"minecraft:iron_ore":22,"minecraft:jungle_leaves":2,"minecraft:crafting_table":5,"minecraft:grass":4,"minecraft:coal_ore":12,"minecraft:oak_log":9,"minecraft:vine":8,"minecraft:jungle_log":21,"minecraft:dirt":8,"minecraft:stone":178,"minecraft:oak_leaves":9}},"DataVersion":3465}