{"stats":{"minecraft:crafted":{"minecraft:oak_planks":52,"minecraft:furnace":1,"minecraft:iron_boots":1,"minecraft:iron_axe":1,"minecraft:stone_pickaxe":3,"minecraft:chest":4,"minecraft:wheat":90,"minecraft:cooked_porkchop":9,"minecraft:crafting_table":4,"minecraft:wooden_pickaxe":2,"minecraft:iron_helmet":3,"minecraft:iron_sword":1,"minecraft:stone_axe":2,"minecraft:bread":43,"minecraft:air":0,"minecraft:jungle_planks":76,"minecraft:oak_boat":1,"minecraft:iron_chestplate":1,"minecraft:diamond_pickaxe":1,"minecraft:shield":2,"minecraft:stick":36,"minecraft:iron_ingot":30,"minecraft:iron_pickaxe":2,"minecraft:gold_ingot":1,"minecraft:iron_leggings":1,"minecraft:white_bed":1,"minecraft:acacia_planks":32},"minecraft:used":{"minecraft:chest":4,"minecraft:shield":40,"minecraft:iron_sword":359,"minecraft:dirt":2,"minecraft:lava_bucket":2,"minecraft:iron_axe":45,"minecraft:furnace":5,"minecraft:water_bucket":1,"minecraft:stone_pickaxe":201,"minecraft:ender_pearl":1,"minecraft:wooden_pickaxe":20,"minecraft:green_bed":2,"minecraft:crafting_table":16,"minecraft:white_bed":7,"minecraft:cod":1,"minecraft:diamond_pickaxe":148,"minecraft:melon_slice":16,"minecraft:bread":105,"minecraft:iron_pickaxe":100,"ecologics:coconut_slice":4,"minecraft:stone_axe":26,"minecraft:cobblestone":177,"minecraft:cooked_porkchop":11,"minecraft:bucket":3,"iceandfire:dragon_bone_block":1,"minecraft:yellow_bed":4,"minecraft:oak_boat":1,"iceandfire:dread_stone_bricks_cracked":1},"minecraft:broken":{"minecraft:stone_pickaxe":1,"mowziesmobs:umvuthana_mask_bliss":1},"minecraft:killed":{"minecraft:witch":2,"minecraft:spider":6,"minecraft:vindicator":2,"minecraft:cod":2,"alexsmobs:seagull":1,"minecraft:skeleton":6,"minecraft:chicken":1,"mowziesmobs:umvuthana_crane":1,"mowziesmobs:umvuthana":5,"minecraft:pig":5,"takesapillage:skirmisher":1,"minecraft:sheep":2,"minecraft:zombie":17,"takesapillage:archer":3,"minecraft:cow":1},"minecraft:picked_up":{"iceandfire:dread_stone_bricks":3,"minecraft:cocoa_beans":6,"minecraft:crafting_table":13,"minecraft:wheat":3,"minecraft:chicken":1,"minecraft:potion":1,"minecraft:string":1,"minecraft:iron_axe":1,"minecraft:item_frame":2,"minecraft:gold_nugget":118,"minecraft:beef":2,"minecraft:poppy":2,"minecraft:melon_slice":26,"minecraft:iron_boots":1,"minecraft:furnace":5,"minecraft:raw_iron":41,"minecraft:stick":9,"iceandfire:dragonscales_green":4,"minecraft:acacia_fence":3,"ecologics:coconut_slice":10,"minecraft:oak_fence":1,"minecraft:green_bed":2,"minecraft:torch":4,"minecraft:acacia_log":8,"sophisticatedbackpacks:backpack":1,"minecraft:porkchop":12,"minecraft:stone_button":2,"minecraft:diorite":1,"minecraft:redstone":2,"minecraft:brown_carpet":18,"mowziesmobs:umvuthana_mask_faith":1,"minecraft:stone_sword":1,"minecraft:arrow":10,"minecraft:rotten_flesh":10,"minecraft:hay_block":38,"mowziesmobs:umvuthana_mask_bliss":1,"minecraft:gold_ingot":1,"minecraft:mutton":3,"minecraft:cobblestone":319,"minecraft:cod":2,"minecraft:white_wool":6,"minecraft:feather":5,"minecraft:jungle_log":20,"minecraft:leather":2,"minecraft:birch_planks":1,"minecraft:oak_log":13,"iceandfire:dread_stone_bricks_cracked":2,"minecraft:yellow_bed":4,"minecraft:dirt":15,"minecraft:lantern":1,"minecraft:leather_boots":1,"minecraft:bone":7,"minecraft:acacia_planks":1,"minecraft:wheat_seeds":15,"minecraft:iron_ingot":14,"iceandfire:fire_dragon_flesh":7,"minecraft:iron_sword":3,"iceandfire:copper_nugget":102,"iceandfire:ash":3,"minecraft:lava_bucket":1,"ecologics:coconut_husk":1,"minecraft:jungle_planks":2,"minecraft:spruce_sapling":2,"minecraft:white_bed":6,"minecraft:grass_block":2,"minecraft:spider_eye":2,"iceandfire:dragon_bone_block":1,"minecraft:stone_axe":1,"minecraft:spruce_sign":4,"minecraft:emerald":2,"minecraft:bread":38,"mowziesmobs:umvuthana_mask_fear":1,"minecraft:oak_sapling":2,"minecraft:coal":62,"minecraft:sunflower":2,"minecraft:ender_pearl":1},"minecraft:custom":{"minecraft:mob_kills":58,"minecraft:interact_with_crafting_table":52,"minecraft:open_barrel":17,"minecraft:damage_dealt_resisted":38,"minecraft:leave_game":2,"minecraft:time_since_death":127749,"minecraft:climb_one_cm":8991,"minecraft:sprint_one_cm":832754,"minecraft:walk_one_cm":693770,"minecraft:damage_blocked_by_shield":545,"minecraft:drop":43,"minecraft:damage_dealt_absorbed":67,"minecraft:talked_to_villager":2,"minecraft:play_time":178134,"minecraft:deaths":2,"minecraft:sneak_time":770,"minecraft:walk_under_water_one_cm":21758,"minecraft:boat_one_cm":112635,"minecraft:interact_with_brewingstand":1,"minecraft:jump":2999,"minecraft:interact_with_blast_furnace":1,"minecraft:walk_on_water_one_cm":29774,"minecraft:total_world_time":178134,"minecraft:interact_with_furnace":41,"minecraft:sleep_in_bed":12,"minecraft:time_since_rest":167,"minecraft:damage_taken":5825,"minecraft:trigger_trapped_chest":1,"minecraft:damage_dealt":11409,"minecraft:swim_one_cm":109524,"minecraft:fly_one_cm":185335,"minecraft:open_chest":115,"minecraft:crouch_one_cm":991,"minecraft:fall_one_cm":42085},"minecraft:dropped":{"minecraft:iron_ingot":8,"minecraft:bread":21,"minecraft:iron_sword":4,"minecraft:birch_planks":1,"minecraft:wheat_seeds":11,"mowziesmobs:umvuthana_mask_faith":1,"minecraft:iron_helmet":1,"mowziesmobs:umvuthana_mask_fear":1,"minecraft:leather":2,"minecraft:grass_block":2,"minecraft:cod":1,"minecraft:item_frame":2,"minecraft:lava_bucket":1,"minecraft:dirt":6,"minecraft:diorite":1,"iceandfire:dread_stone_bricks":1,"minecraft:sunflower":2,"minecraft:string":9,"minecraft:spruce_sapling":2,"minecraft:bone":1,"minecraft:stone_axe":2,"minecraft:rotten_flesh":10,"minecraft:oak_planks":3,"minecraft:poppy":1,"minecraft:shield":1,"minecraft:diamond_pickaxe":1,"minecraft:oak_sapling":1,"minecraft:spider_eye":1,"minecraft:brown_carpet":18,"minecraft:arrow":5,"minecraft:acacia_fence":1},"minecraft:mined":{"minecraft:white_bed":6,"minecraft:jungle_leaves":2,"minecraft:grass_block":2,"minecraft:acacia_log":8,"minecraft:jungle_log":21,"iceandfire:dread_spawner":2,"minecraft:tall_seagrass":2,"minecraft:hay_block":40,"minecraft:furnace":5,"minecraft:iron_ore":38,"minecraft:fire":2,"minecraft:vine":10,"iceandfire:dread_stone_bricks_cracked":6,"minecraft:stone":323,"minecraft:green_bed":2,"minecraft:brown_carpet":9,"minecraft:powder_snow":6,"minecraft:crafting_table":13,"minecraft:melon":6,"minecraft:tall_grass":7,"minecraft:diorite":1,"minecraft:wall_torch":1,"minecraft:ice":1,"minecraft:yellow_bed":4,"iceandfire:dread_stone_bricks_mossy":2,"minecraft:grass":54,"minecraft:oak_log":9,"minecraft:coal_ore":30,"minecraft:acacia_fence":1,"minecraft:sunflower":5,"minecraft:dirt":13,"minecraft:cracked_stone_bricks":4,"minecraft:stone_bricks":23,"minecraft:mossy_stone_bricks":4,"iceandfire:dread_stone_bricks":3,"minecraft:oak_leaves":9}},"DataVersion":3465}