{"stats":{"minecraft:crafted":{"minecraft:oak_planks":36,"minecraft:crafting_table":3,"minecraft:wooden_pickaxe":2,"minecraft:iron_helmet":1,"minecraft:iron_sword":1,"minecraft:furnace":1,"minecraft:stone_axe":2,"minecraft:air":0,"minecraft:bread":3,"minecraft:jungle_planks":76,"minecraft:oak_boat":1,"minecraft:iron_chestplate":1,"minecraft:shield":1,"minecraft:stick":36,"minecraft:iron_ingot":19,"minecraft:iron_pickaxe":1,"minecraft:stone_pickaxe":3,"minecraft:iron_leggings":1,"minecraft:wheat":90},"minecraft:used":{"minecraft:stone_pickaxe":201,"minecraft:wooden_pickaxe":20,"minecraft:iron_sword":13,"minecraft:dirt":2,"minecraft:crafting_table":8,"minecraft:white_bed":2,"minecraft:cod":1,"minecraft:bread":9,"minecraft:iron_pickaxe":86,"minecraft:stone_axe":25,"minecraft:cobblestone":20,"minecraft:furnace":4,"minecraft:oak_boat":1},"minecraft:broken":{"minecraft:stone_pickaxe":1},"minecraft:killed":{"minecraft:pig":3,"minecraft:cod":2,"alexsmobs:seagull":1,"mowziesmobs:umvuthana":1},"minecraft:picked_up":{"minecraft:cocoa_beans":6,"minecraft:crafting_table":8,"minecraft:feather":1,"minecraft:jungle_log":20,"minecraft:oak_log":13,"minecraft:dirt":9,"minecraft:lantern":1,"minecraft:wheat_seeds":6,"minecraft:iron_ingot":7,"minecraft:poppy":1,"minecraft:iron_sword":1,"minecraft:furnace":3,"minecraft:stick":4,"minecraft:raw_iron":32,"minecraft:oak_fence":1,"minecraft:porkchop":6,"minecraft:jungle_planks":2,"minecraft:stone_button":2,"minecraft:white_bed":3,"minecraft:hay_block":15,"minecraft:spruce_sign":4,"minecraft:bread":17,"minecraft:oak_sapling":1,"minecraft:coal":15,"minecraft:cod":2,"minecraft:cobblestone":237},"minecraft:custom":{"minecraft:interact_with_furnace":15,"minecraft:mob_kills":7,"minecraft:interact_with_crafting_table":25,"minecraft:open_barrel":8,"minecraft:time_since_death":36418,"minecraft:sleep_in_bed":3,"minecraft:climb_one_cm":1634,"minecraft:time_since_rest":7880,"minecraft:sprint_one_cm":68856,"minecraft:damage_taken":847,"minecraft:walk_one_cm":146014,"minecraft:drop":6,"minecraft:damage_dealt":459,"minecraft:swim_one_cm":10635,"minecraft:fly_one_cm":13476,"minecraft:open_chest":14,"minecraft:crouch_one_cm":492,"minecraft:play_time":43217,"minecraft:deaths":1,"minecraft:sneak_time":185,"minecraft:walk_under_water_one_cm":6038,"minecraft:boat_one_cm":112635,"minecraft:jump":269,"minecraft:walk_on_water_one_cm":7685,"minecraft:total_world_time":43217,"minecraft:fall_one_cm":4845},"minecraft:dropped":{"minecraft:iron_ingot":8,"minecraft:iron_sword":1,"minecraft:stone_axe":1,"minecraft:wheat_seeds":3,"minecraft:iron_helmet":1,"minecraft:cod":1},"minecraft:mined":{"minecraft:white_bed":3,"minecraft:jungle_leaves":2,"minecraft:crafting_table":8,"minecraft:jungle_log":21,"minecraft:tall_grass":3,"minecraft:hay_block":17,"minecraft:furnace":3,"minecraft:iron_ore":32,"minecraft:grass":8,"minecraft:oak_log":9,"minecraft:coal_ore":12,"minecraft:vine":8,"minecraft:dirt":8,"minecraft:stone":241,"minecraft:oak_leaves":9}},"DataVersion":3465}