{"stats":{"minecraft:crafted":{"minecraft:oak_planks":52,"minecraft:cooked_porkchop":9,"minecraft:crafting_table":4,"minecraft:wooden_pickaxe":2,"minecraft:iron_helmet":3,"minecraft:iron_sword":1,"minecraft:furnace":1,"minecraft:stone_axe":2,"minecraft:bread":3,"minecraft:air":0,"minecraft:jungle_planks":76,"minecraft:oak_boat":1,"minecraft:iron_chestplate":1,"minecraft:iron_boots":1,"minecraft:diamond_pickaxe":1,"minecraft:shield":2,"minecraft:iron_axe":1,"minecraft:stick":36,"minecraft:iron_ingot":30,"minecraft:iron_pickaxe":1,"minecraft:stone_pickaxe":3,"minecraft:chest":1,"minecraft:iron_leggings":1,"minecraft:gold_ingot":1,"minecraft:white_bed":1,"minecraft:acacia_planks":32,"minecraft:wheat":90},"minecraft:used":{"minecraft:stone_pickaxe":201,"minecraft:wooden_pickaxe":20,"minecraft:chest":1,"minecraft:shield":32,"minecraft:iron_sword":187,"minecraft:dirt":2,"minecraft:crafting_table":13,"minecraft:white_bed":6,"minecraft:cod":1,"minecraft:diamond_pickaxe":2,"minecraft:bread":41,"minecraft:iron_axe":28,"minecraft:iron_pickaxe":88,"minecraft:stone_axe":26,"minecraft:cobblestone":31,"minecraft:furnace":5,"minecraft:cooked_porkchop":9,"minecraft:yellow_bed":1,"minecraft:oak_boat":1},"minecraft:broken":{"minecraft:stone_pickaxe":1},"minecraft:killed":{"minecraft:pig":3,"minecraft:witch":1,"takesapillage:skirmisher":1,"minecraft:vindicator":1,"minecraft:spider":1,"minecraft:cod":2,"alexsmobs:seagull":1,"minecraft:skeleton":2,"minecraft:sheep":2,"minecraft:zombie":6,"minecraft:chicken":1,"mowziesmobs:umvuthana_crane":1,"takesapillage:archer":3,"mowziesmobs:umvuthana":5,"minecraft:cow":1},"minecraft:picked_up":{"minecraft:cocoa_beans":6,"minecraft:crafting_table":12,"minecraft:wheat":3,"minecraft:feather":5,"minecraft:chicken":1,"minecraft:jungle_log":20,"minecraft:leather":2,"minecraft:birch_planks":1,"minecraft:oak_log":13,"minecraft:yellow_bed":1,"minecraft:string":1,"minecraft:dirt":9,"minecraft:lantern":1,"minecraft:iron_axe":1,"minecraft:item_frame":2,"minecraft:bone":3,"minecraft:wheat_seeds":14,"minecraft:iron_ingot":13,"minecraft:beef":2,"minecraft:poppy":2,"minecraft:melon_slice":26,"minecraft:iron_sword":1,"minecraft:furnace":5,"minecraft:stick":5,"minecraft:raw_iron":35,"iceandfire:copper_nugget":40,"minecraft:acacia_fence":3,"ecologics:coconut_slice":10,"minecraft:oak_fence":1,"minecraft:torch":1,"minecraft:acacia_log":8,"sophisticatedbackpacks:backpack":1,"minecraft:porkchop":8,"minecraft:jungle_planks":2,"minecraft:stone_button":2,"minecraft:grass_block":1,"minecraft:white_bed":5,"minecraft:redstone":2,"minecraft:stone_sword":1,"minecraft:arrow":5,"minecraft:stone_axe":1,"minecraft:hay_block":38,"mowziesmobs:umvuthana_mask_bliss":1,"minecraft:bread":17,"minecraft:spruce_sign":4,"minecraft:gold_ingot":1,"minecraft:emerald":2,"mowziesmobs:umvuthana_mask_fear":1,"minecraft:oak_sapling":2,"minecraft:mutton":3,"minecraft:cod":2,"minecraft:coal":44,"minecraft:white_wool":6,"minecraft:cobblestone":237,"minecraft:ender_pearl":1},"minecraft:custom":{"minecraft:interact_with_furnace":39,"minecraft:mob_kills":33,"minecraft:interact_with_crafting_table":44,"minecraft:open_barrel":17,"minecraft:damage_dealt_resisted":36,"minecraft:leave_game":1,"minecraft:time_since_death":59640,"minecraft:sleep_in_bed":6,"minecraft:climb_one_cm":5592,"minecraft:time_since_rest":13860,"minecraft:sprint_one_cm":539420,"minecraft:damage_taken":2588,"minecraft:walk_one_cm":447944,"minecraft:damage_blocked_by_shield":315,"minecraft:drop":21,"minecraft:damage_dealt":6083,"minecraft:swim_one_cm":74078,"minecraft:talked_to_villager":1,"minecraft:fly_one_cm":93103,"minecraft:open_chest":61,"minecraft:crouch_one_cm":541,"minecraft:play_time":110025,"minecraft:deaths":2,"minecraft:sneak_time":189,"minecraft:walk_under_water_one_cm":13032,"minecraft:boat_one_cm":112635,"minecraft:jump":2014,"minecraft:interact_with_blast_furnace":1,"minecraft:walk_on_water_one_cm":16082,"minecraft:total_world_time":110025,"minecraft:fall_one_cm":14803},"minecraft:dropped":{"minecraft:iron_ingot":8,"minecraft:iron_sword":1,"minecraft:stone_axe":2,"minecraft:birch_planks":1,"minecraft:wheat_seeds":9,"minecraft:iron_helmet":1,"minecraft:oak_planks":3,"minecraft:leather":2,"minecraft:cod":1,"minecraft:item_frame":2,"minecraft:poppy":1,"minecraft:shield":1,"minecraft:oak_sapling":1,"minecraft:arrow":5,"minecraft:string":9,"minecraft:acacia_fence":1,"minecraft:bone":1},"minecraft:mined":{"minecraft:white_bed":5,"minecraft:jungle_leaves":2,"minecraft:crafting_table":12,"minecraft:acacia_log":8,"minecraft:melon":6,"minecraft:jungle_log":21,"minecraft:tall_grass":7,"minecraft:hay_block":40,"minecraft:furnace":5,"minecraft:iron_ore":32,"minecraft:yellow_bed":1,"minecraft:grass":43,"minecraft:coal_ore":12,"minecraft:oak_log":9,"minecraft:vine":8,"minecraft:acacia_fence":1,"minecraft:dirt":8,"minecraft:stone":241,"minecraft:oak_leaves":9}},"DataVersion":3465}