{"stats":{"minecraft:crafted":{"minecraft:oak_boat":1,"minecraft:oak_planks":36,"minecraft:iron_chestplate":1,"minecraft:shield":1,"minecraft:crafting_table":3,"minecraft:stick":36,"minecraft:iron_pickaxe":1,"minecraft:iron_ingot":19,"minecraft:wooden_pickaxe":2,"minecraft:stone_pickaxe":3,"minecraft:iron_sword":1,"minecraft:iron_leggings":1,"minecraft:furnace":1,"minecraft:stone_axe":2,"minecraft:bread":3,"minecraft:air":0,"minecraft:jungle_planks":76},"minecraft:used":{"minecraft:bread":3,"minecraft:stone_pickaxe":201,"minecraft:iron_pickaxe":73,"minecraft:wooden_pickaxe":20,"minecraft:stone_axe":25,"minecraft:cobblestone":20,"minecraft:dirt":2,"minecraft:crafting_table":8,"minecraft:furnace":3,"minecraft:oak_boat":1},"minecraft:broken":{"minecraft:stone_pickaxe":1},"minecraft:killed":{"minecraft:cod":2,"alexsmobs:seagull":1,"mowziesmobs:umvuthana":1},"minecraft:picked_up":{"minecraft:stick":4,"minecraft:cocoa_beans":6,"minecraft:raw_iron":22,"minecraft:crafting_table":8,"minecraft:feather":1,"minecraft:jungle_log":20,"minecraft:jungle_planks":2,"minecraft:oak_log":9,"minecraft:dirt":8,"minecraft:wheat_seeds":5,"minecraft:hay_block":2,"minecraft:iron_ingot":3,"minecraft:spruce_sign":1,"minecraft:oak_sapling":1,"minecraft:cod":2,"minecraft:coal":15,"minecraft:cobblestone":236,"minecraft:furnace":3},"minecraft:custom":{"minecraft:time_since_rest":24443,"minecraft:interact_with_furnace":14,"minecraft:sprint_one_cm":49534,"minecraft:damage_taken":665,"minecraft:walk_one_cm":92352,"minecraft:mob_kills":4,"minecraft:drop":2,"minecraft:damage_dealt":159,"minecraft:interact_with_crafting_table":22,"minecraft:swim_one_cm":10635,"minecraft:fly_one_cm":8402,"minecraft:open_chest":3,"minecraft:crouch_one_cm":426,"minecraft:play_time":31217,"minecraft:deaths":1,"minecraft:sneak_time":174,"minecraft:walk_under_water_one_cm":6038,"minecraft:boat_one_cm":112635,"minecraft:jump":173,"minecraft:walk_on_water_one_cm":7685,"minecraft:time_since_death":24418,"minecraft:climb_one_cm":1634,"minecraft:total_world_time":31217,"minecraft:fall_one_cm":1841},"minecraft:dropped":{"minecraft:stone_axe":1,"minecraft:cod":1},"minecraft:mined":{"minecraft:hay_block":3,"minecraft:furnace":3,"minecraft:iron_ore":22,"minecraft:jungle_leaves":2,"minecraft:crafting_table":8,"minecraft:grass":5,"minecraft:coal_ore":12,"minecraft:oak_log":9,"minecraft:vine":8,"minecraft:jungle_log":21,"minecraft:dirt":8,"minecraft:stone":240,"minecraft:oak_leaves":9}},"DataVersion":3465}