{"stats":{"minecraft:crafted":{"minecraft:oak_planks":52,"minecraft:cooked_porkchop":9,"minecraft:crafting_table":4,"minecraft:wooden_pickaxe":2,"minecraft:iron_helmet":3,"minecraft:iron_sword":1,"minecraft:furnace":1,"minecraft:stone_axe":2,"minecraft:air":0,"minecraft:bread":3,"minecraft:jungle_planks":76,"minecraft:oak_boat":1,"minecraft:diamond_pickaxe":1,"minecraft:iron_boots":1,"minecraft:iron_chestplate":1,"minecraft:shield":2,"minecraft:iron_axe":1,"minecraft:stick":36,"minecraft:iron_ingot":30,"minecraft:iron_pickaxe":1,"minecraft:stone_pickaxe":3,"minecraft:chest":1,"minecraft:gold_ingot":1,"minecraft:iron_leggings":1,"minecraft:white_bed":1,"minecraft:acacia_planks":32,"minecraft:wheat":90},"minecraft:used":{"minecraft:stone_pickaxe":201,"minecraft:chest":1,"minecraft:shield":8,"minecraft:wooden_pickaxe":20,"minecraft:iron_sword":117,"minecraft:dirt":2,"minecraft:crafting_table":13,"minecraft:white_bed":4,"minecraft:cod":1,"minecraft:diamond_pickaxe":2,"minecraft:iron_axe":10,"minecraft:bread":28,"minecraft:iron_pickaxe":88,"minecraft:stone_axe":26,"minecraft:cobblestone":28,"minecraft:furnace":5,"minecraft:cooked_porkchop":9,"minecraft:oak_boat":1},"minecraft:broken":{"minecraft:stone_pickaxe":1},"minecraft:killed":{"minecraft:pig":3,"minecraft:witch":1,"takesapillage:skirmisher":1,"minecraft:spider":1,"minecraft:vindicator":1,"minecraft:cod":2,"alexsmobs:seagull":1,"minecraft:skeleton":2,"minecraft:sheep":2,"minecraft:zombie":6,"minecraft:chicken":1,"takesapillage:archer":3,"minecraft:cow":1,"mowziesmobs:umvuthana":3},"minecraft:picked_up":{"minecraft:cocoa_beans":6,"minecraft:crafting_table":11,"minecraft:wheat":3,"minecraft:feather":3,"minecraft:chicken":1,"minecraft:jungle_log":20,"minecraft:leather":2,"minecraft:birch_planks":1,"minecraft:oak_log":13,"minecraft:string":1,"minecraft:dirt":9,"minecraft:lantern":1,"minecraft:iron_axe":1,"minecraft:bone":3,"minecraft:wheat_seeds":13,"minecraft:beef":2,"minecraft:iron_ingot":13,"minecraft:poppy":1,"minecraft:iron_sword":1,"minecraft:furnace":5,"minecraft:stick":4,"minecraft:raw_iron":35,"minecraft:acacia_fence":1,"ecologics:coconut_slice":10,"minecraft:oak_fence":1,"minecraft:acacia_log":8,"sophisticatedbackpacks:backpack":1,"minecraft:porkchop":6,"minecraft:jungle_planks":2,"minecraft:stone_button":2,"minecraft:white_bed":3,"minecraft:redstone":2,"minecraft:stone_sword":1,"minecraft:arrow":5,"minecraft:stone_axe":1,"minecraft:hay_block":15,"minecraft:emerald":2,"minecraft:gold_ingot":1,"minecraft:spruce_sign":4,"minecraft:bread":17,"minecraft:oak_sapling":1,"minecraft:mutton":3,"minecraft:coal":44,"minecraft:cod":2,"minecraft:white_wool":6,"minecraft:cobblestone":237},"minecraft:custom":{"minecraft:interact_with_furnace":39,"minecraft:mob_kills":30,"minecraft:interact_with_crafting_table":44,"minecraft:open_barrel":17,"minecraft:damage_dealt_resisted":36,"minecraft:leave_game":1,"minecraft:time_since_death":43274,"minecraft:sleep_in_bed":5,"minecraft:climb_one_cm":5592,"minecraft:time_since_rest":722,"minecraft:sprint_one_cm":436070,"minecraft:damage_taken":2045,"minecraft:walk_one_cm":371992,"minecraft:damage_blocked_by_shield":270,"minecraft:drop":14,"minecraft:damage_dealt":4292,"minecraft:talked_to_villager":1,"minecraft:swim_one_cm":68588,"minecraft:fly_one_cm":63659,"minecraft:open_chest":53,"minecraft:crouch_one_cm":541,"minecraft:play_time":93659,"minecraft:deaths":2,"minecraft:sneak_time":189,"minecraft:walk_under_water_one_cm":12289,"minecraft:boat_one_cm":112635,"minecraft:jump":1827,"minecraft:interact_with_blast_furnace":1,"minecraft:walk_on_water_one_cm":15779,"minecraft:total_world_time":93659,"minecraft:fall_one_cm":11172},"minecraft:dropped":{"minecraft:iron_ingot":8,"minecraft:iron_sword":1,"minecraft:stone_axe":2,"minecraft:birch_planks":1,"minecraft:wheat_seeds":8,"minecraft:iron_helmet":1,"minecraft:oak_planks":3,"minecraft:cod":1,"minecraft:shield":1,"minecraft:arrow":5,"minecraft:bone":1},"minecraft:mined":{"minecraft:white_bed":3,"minecraft:jungle_leaves":2,"minecraft:crafting_table":11,"minecraft:acacia_log":8,"minecraft:jungle_log":21,"minecraft:tall_grass":5,"minecraft:hay_block":17,"minecraft:furnace":5,"minecraft:iron_ore":32,"minecraft:grass":29,"minecraft:oak_log":9,"minecraft:coal_ore":12,"minecraft:vine":8,"minecraft:dirt":8,"minecraft:stone":241,"minecraft:oak_leaves":9}},"DataVersion":3465}