{"stats":{"minecraft:crafted":{"minecraft:oak_planks":52,"minecraft:cooked_porkchop":9,"minecraft:crafting_table":4,"minecraft:wooden_pickaxe":2,"minecraft:iron_helmet":3,"minecraft:iron_sword":1,"minecraft:furnace":1,"minecraft:stone_axe":2,"minecraft:air":0,"minecraft:bread":3,"minecraft:jungle_planks":76,"minecraft:oak_boat":1,"minecraft:diamond_pickaxe":1,"minecraft:iron_boots":1,"minecraft:iron_chestplate":1,"minecraft:shield":2,"minecraft:iron_axe":1,"minecraft:stick":36,"minecraft:iron_ingot":30,"minecraft:iron_pickaxe":1,"minecraft:stone_pickaxe":3,"minecraft:chest":1,"minecraft:gold_ingot":1,"minecraft:iron_leggings":1,"minecraft:wheat":90},"minecraft:used":{"minecraft:stone_pickaxe":201,"minecraft:chest":1,"minecraft:shield":2,"minecraft:wooden_pickaxe":20,"minecraft:iron_sword":48,"minecraft:dirt":2,"minecraft:crafting_table":11,"minecraft:white_bed":3,"minecraft:cod":1,"minecraft:diamond_pickaxe":2,"minecraft:iron_axe":1,"minecraft:bread":21,"minecraft:iron_pickaxe":88,"minecraft:stone_axe":26,"minecraft:cobblestone":20,"minecraft:furnace":5,"minecraft:cooked_porkchop":1,"minecraft:oak_boat":1},"minecraft:broken":{"minecraft:stone_pickaxe":1},"minecraft:killed":{"minecraft:pig":3,"minecraft:witch":1,"minecraft:vindicator":1,"minecraft:cod":2,"alexsmobs:seagull":1,"minecraft:sheep":2,"takesapillage:archer":1,"mowziesmobs:umvuthana":3},"minecraft:picked_up":{"minecraft:cocoa_beans":6,"minecraft:crafting_table":10,"minecraft:wheat":2,"minecraft:feather":3,"minecraft:jungle_log":20,"minecraft:birch_planks":1,"minecraft:oak_log":13,"minecraft:dirt":9,"minecraft:lantern":1,"minecraft:iron_axe":1,"minecraft:bone":1,"minecraft:wheat_seeds":8,"minecraft:iron_ingot":12,"minecraft:poppy":1,"minecraft:iron_sword":1,"minecraft:furnace":5,"minecraft:stick":4,"minecraft:raw_iron":35,"minecraft:acacia_fence":1,"ecologics:coconut_slice":6,"minecraft:oak_fence":1,"minecraft:porkchop":6,"minecraft:jungle_planks":2,"minecraft:stone_button":2,"minecraft:white_bed":3,"minecraft:redstone":2,"minecraft:stone_sword":1,"minecraft:stone_axe":1,"minecraft:hay_block":15,"minecraft:emerald":1,"minecraft:gold_ingot":1,"minecraft:spruce_sign":4,"minecraft:bread":17,"minecraft:oak_sapling":1,"minecraft:mutton":3,"minecraft:coal":44,"minecraft:cod":2,"minecraft:white_wool":3,"minecraft:cobblestone":237},"minecraft:custom":{"minecraft:interact_with_furnace":38,"minecraft:mob_kills":14,"minecraft:interact_with_crafting_table":38,"minecraft:open_barrel":9,"minecraft:damage_dealt_resisted":36,"minecraft:time_since_death":22832,"minecraft:sleep_in_bed":3,"minecraft:climb_one_cm":1634,"minecraft:time_since_rest":22866,"minecraft:sprint_one_cm":285300,"minecraft:damage_taken":1430,"minecraft:walk_one_cm":266003,"minecraft:damage_blocked_by_shield":50,"minecraft:drop":10,"minecraft:damage_dealt":1631,"minecraft:swim_one_cm":37050,"minecraft:fly_one_cm":44847,"minecraft:open_chest":42,"minecraft:crouch_one_cm":541,"minecraft:play_time":73217,"minecraft:deaths":2,"minecraft:sneak_time":189,"minecraft:walk_under_water_one_cm":11974,"minecraft:boat_one_cm":112635,"minecraft:jump":573,"minecraft:walk_on_water_one_cm":14659,"minecraft:total_world_time":73217,"minecraft:fall_one_cm":9243},"minecraft:dropped":{"minecraft:iron_ingot":8,"minecraft:iron_sword":1,"minecraft:stone_axe":2,"minecraft:birch_planks":1,"minecraft:wheat_seeds":4,"minecraft:iron_helmet":1,"minecraft:cod":1,"minecraft:bone":1},"minecraft:mined":{"minecraft:white_bed":3,"minecraft:jungle_leaves":2,"minecraft:crafting_table":10,"minecraft:jungle_log":21,"minecraft:tall_grass":4,"minecraft:hay_block":17,"minecraft:furnace":5,"minecraft:iron_ore":32,"minecraft:grass":21,"minecraft:oak_log":9,"minecraft:coal_ore":12,"minecraft:vine":8,"minecraft:dirt":8,"minecraft:stone":241,"minecraft:oak_leaves":9}},"DataVersion":3465}