{"stat.flyOneCm":4733,"stat.deaths":2,"stat.walkOneCm":29017,"stat.pickup.minecraft.wheat_seeds":1,"stat.jump":52,"stat.playOneMinute":3203,"stat.leaveGame":1,"stat.sneakTime":39,"stat.entityKilledBy.Skeleton":1,"stat.mineBlock.minecraft.log2":1,"stat.damageTaken":518,"stat.damageDealt":300,"stat.crouchOneCm":264,"stat.mineBlock.minecraft.yellow_flower":1,"stat.timeSinceDeath":1125,"stat.mineBlock.minecraft.double_plant":1,"stat.sprintOneCm":19643,"stat.pickup.minecraft.log2":1,"stat.mineBlock.minecraft.tallgrass":5}