{"stats":{"minecraft:crafted":{"minecraft:oak_planks":36,"minecraft:crafting_table":3,"minecraft:wooden_pickaxe":2,"minecraft:iron_helmet":3,"minecraft:iron_sword":1,"minecraft:furnace":1,"minecraft:stone_axe":2,"minecraft:air":0,"minecraft:bread":3,"minecraft:jungle_planks":76,"minecraft:oak_boat":1,"minecraft:iron_boots":1,"minecraft:iron_chestplate":1,"minecraft:shield":1,"minecraft:stick":36,"minecraft:iron_ingot":28,"minecraft:iron_pickaxe":1,"minecraft:stone_pickaxe":3,"minecraft:iron_leggings":1,"minecraft:wheat":90},"minecraft:used":{"minecraft:stone_pickaxe":201,"minecraft:wooden_pickaxe":20,"minecraft:iron_sword":21,"minecraft:dirt":2,"minecraft:crafting_table":9,"minecraft:white_bed":3,"minecraft:cod":1,"minecraft:bread":14,"minecraft:iron_pickaxe":88,"minecraft:stone_axe":26,"minecraft:cobblestone":20,"minecraft:furnace":4,"minecraft:oak_boat":1},"minecraft:broken":{"minecraft:stone_pickaxe":1},"minecraft:killed":{"minecraft:pig":3,"minecraft:cod":2,"alexsmobs:seagull":1,"minecraft:sheep":2,"mowziesmobs:umvuthana":1},"minecraft:picked_up":{"minecraft:cocoa_beans":6,"minecraft:crafting_table":8,"minecraft:feather":1,"minecraft:jungle_log":20,"minecraft:oak_log":13,"minecraft:dirt":9,"minecraft:lantern":1,"minecraft:bone":1,"minecraft:wheat_seeds":8,"minecraft:iron_ingot":9,"minecraft:poppy":1,"minecraft:iron_sword":1,"minecraft:furnace":4,"minecraft:stick":4,"minecraft:raw_iron":35,"minecraft:oak_fence":1,"minecraft:porkchop":6,"minecraft:jungle_planks":2,"minecraft:stone_button":2,"minecraft:white_bed":3,"minecraft:stone_sword":1,"minecraft:hay_block":15,"minecraft:spruce_sign":4,"minecraft:bread":17,"minecraft:oak_sapling":1,"minecraft:mutton":3,"minecraft:coal":44,"minecraft:cod":2,"minecraft:white_wool":2,"minecraft:cobblestone":237},"minecraft:custom":{"minecraft:interact_with_furnace":25,"minecraft:mob_kills":9,"minecraft:interact_with_crafting_table":32,"minecraft:open_barrel":8,"minecraft:time_since_death":4832,"minecraft:sleep_in_bed":3,"minecraft:climb_one_cm":1634,"minecraft:time_since_rest":4866,"minecraft:sprint_one_cm":157442,"minecraft:damage_taken":1125,"minecraft:walk_one_cm":192509,"minecraft:drop":8,"minecraft:damage_dealt":679,"minecraft:swim_one_cm":17314,"minecraft:fly_one_cm":29451,"minecraft:open_chest":19,"minecraft:crouch_one_cm":541,"minecraft:play_time":55217,"minecraft:deaths":2,"minecraft:sneak_time":189,"minecraft:walk_under_water_one_cm":11383,"minecraft:boat_one_cm":112635,"minecraft:jump":411,"minecraft:walk_on_water_one_cm":10873,"minecraft:total_world_time":55217,"minecraft:fall_one_cm":7404},"minecraft:dropped":{"minecraft:iron_ingot":8,"minecraft:iron_sword":1,"minecraft:stone_axe":1,"minecraft:wheat_seeds":4,"minecraft:iron_helmet":1,"minecraft:cod":1,"minecraft:bone":1},"minecraft:mined":{"minecraft:white_bed":3,"minecraft:jungle_leaves":2,"minecraft:crafting_table":9,"minecraft:jungle_log":21,"minecraft:tall_grass":3,"minecraft:hay_block":17,"minecraft:furnace":4,"minecraft:iron_ore":32,"minecraft:grass":12,"minecraft:oak_log":9,"minecraft:coal_ore":12,"minecraft:vine":8,"minecraft:dirt":8,"minecraft:stone":241,"minecraft:oak_leaves":9}},"DataVersion":3465}