{"stats":{"minecraft:crafted":{"minecraft:oak_planks":16,"minecraft:crafting_table":1,"minecraft:stick":24,"minecraft:stone_pickaxe":1,"minecraft:wooden_pickaxe":1,"minecraft:jungle_planks":52},"minecraft:used":{"minecraft:crafting_table":2,"minecraft:stone_pickaxe":20,"minecraft:wooden_pickaxe":9},"minecraft:killed":{"mowziesmobs:umvuthana":1},"minecraft:picked_up":{"minecraft:cocoa_beans":6,"minecraft:crafting_table":2,"minecraft:jungle_log":13,"minecraft:wheat_seeds":3,"minecraft:hay_block":2,"minecraft:spruce_sign":1,"minecraft:oak_log":4,"minecraft:cobblestone":17},"minecraft:custom":{"minecraft:time_since_rest":443,"minecraft:crouch_one_cm":54,"minecraft:deaths":1,"minecraft:play_time":7217,"minecraft:sprint_one_cm":20126,"minecraft:damage_taken":282,"minecraft:walk_one_cm":28080,"minecraft:sneak_time":5,"minecraft:walk_under_water_one_cm":1374,"minecraft:mob_kills":1,"minecraft:jump":39,"minecraft:damage_dealt":19,"minecraft:time_since_death":418,"minecraft:walk_on_water_one_cm":858,"minecraft:total_world_time":7217,"minecraft:climb_one_cm":484,"minecraft:fall_one_cm":335,"minecraft:swim_one_cm":486,"minecraft:interact_with_crafting_table":3,"minecraft:fly_one_cm":3900},"minecraft:mined":{"minecraft:hay_block":3,"minecraft:grass":3,"minecraft:oak_log":4,"minecraft:vine":5,"minecraft:jungle_log":14,"minecraft:jungle_leaves":2,"minecraft:stone":18,"minecraft:oak_leaves":4,"minecraft:crafting_table":2}},"DataVersion":3465}