{"stats":{"minecraft:picked_up":{"minecraft:birch_log":13,"minecraft:seagrass":2,"ecologics:walnut":5,"minecraft:crafting_table":4,"minecraft:feather":2,"minecraft:jungle_log":2,"minecraft:andesite":3,"alexsmobs:bison_fur":7,"minecraft:oak_log":30,"minecraft:lapis_lazuli":1,"minecraft:string":1,"naturalist:bass":2,"minecraft:bone":4,"ecologics:walnut_sapling":1,"minecraft:bow":1,"minecraft:wheat_seeds":3,"minecraft:beef":29,"naturalist:catfish":1,"minecraft:melon_slice":28,"minecraft:birch_sapling":4,"minecraft:furnace":5,"minecraft:stick":18,"minecraft:raw_iron":14,"minecraft:smooth_basalt":2,"minecraft:pumpkin":2,"ecologics:coconut_slice":2,"minecraft:porkchop":3,"minecraft:diorite":1,"minecraft:spruce_log":1,"naturalist:cooked_bass":2,"minecraft:spider_eye":1,"minecraft:rotten_flesh":7,"minecraft:arrow":5,"minecraft:slime_ball":1,"minecraft:granite":1,"minecraft:golden_horse_armor":1,"minecraft:emerald":1,"minecraft:baked_potato":2,"minecraft:oak_sapling":28,"minecraft:mutton":2,"minecraft:coal":132,"minecraft:white_wool":2,"minecraft:cobblestone":121},"minecraft:dropped":{"minecraft:cobblestone":16,"alexsmobs:bison_fur":5,"minecraft:pumpkin":1},"minecraft:used":{"naturalist:catfish":1,"minecraft:stone_sword":55,"minecraft:stone_pickaxe":131,"minecraft:baked_potato":4,"minecraft:wooden_pickaxe":12,"minecraft:iron_sword":49,"minecraft:torch":23,"minecraft:crafting_table":7,"naturalist:cooked_bass":2,"minecraft:granite":1,"minecraft:wooden_axe":5,"minecraft:apple":3,"minecraft:melon_slice":26,"minecraft:iron_pickaxe":65,"minecraft:stone_axe":2,"minecraft:wooden_sword":26,"minecraft:cobblestone":39,"minecraft:furnace":8,"minecraft:cooked_porkchop":3,"minecraft:cooked_beef":3},"minecraft:custom":{"minecraft:interact_with_furnace":46,"minecraft:mob_kills":25,"minecraft:interact_with_crafting_table":22,"minecraft:open_barrel":3,"minecraft:time_since_death":6324,"minecraft:sleep_in_bed":1,"minecraft:climb_one_cm":8545,"minecraft:time_since_rest":6351,"minecraft:sprint_one_cm":187098,"minecraft:damage_taken":2560,"minecraft:walk_one_cm":285842,"minecraft:drop":3,"minecraft:damage_dealt":4492,"minecraft:swim_one_cm":9857,"minecraft:fly_one_cm":118297,"minecraft:open_chest":3,"minecraft:crouch_one_cm":3161,"minecraft:play_time":66637,"minecraft:deaths":4,"minecraft:sneak_time":1266,"minecraft:walk_under_water_one_cm":4622,"minecraft:jump":822,"minecraft:walk_on_water_one_cm":3748,"minecraft:total_world_time":66637,"minecraft:fall_one_cm":28505,"minecraft:horse_one_cm":5452},"minecraft:killed":{"minecraft:pig":2,"minecraft:spider":2,"minecraft:slime":1,"naturalist:coral_snake":1,"minecraft:sheep":2,"minecraft:skeleton":4,"alexsmobs:catfish":1,"minecraft:zombie":5,"naturalist:catfish":1,"alexsmobs:bison":3,"naturalist:cardinal":1,"minecraft:turtle":1},"minecraft:crafted":{"minecraft:cooked_beef":10,"minecraft:wooden_sword":1,"minecraft:oak_planks":28,"minecraft:cooked_porkchop":3,"minecraft:crafting_table":4,"minecraft:spruce_planks":4,"minecraft:wooden_pickaxe":1,"minecraft:baked_potato":2,"minecraft:iron_sword":1,"minecraft:furnace":3,"minecraft:stone_axe":1,"minecraft:jungle_planks":6,"minecraft:iron_chestplate":1,"minecraft:stick":32,"minecraft:iron_ingot":14,"minecraft:iron_pickaxe":1,"minecraft:stone_pickaxe":1,"minecraft:wooden_axe":1,"minecraft:stone_sword":1,"minecraft:torch":52},"minecraft:mined":{"minecraft:jungle_leaves":2,"minecraft:crafting_table":4,"minecraft:granite":1,"minecraft:emerald_ore":1,"minecraft:melon":6,"minecraft:jungle_log":2,"minecraft:diorite":1,"minecraft:furnace":5,"minecraft:iron_ore":14,"minecraft:spruce_log":1,"minecraft:andesite":3,"minecraft:pumpkin":1,"minecraft:grass":8,"minecraft:coal_ore":73,"minecraft:oak_log":7,"minecraft:vine":2,"minecraft:dirt":1,"minecraft:smooth_basalt":2,"minecraft:stone":99,"minecraft:oak_leaves":2,"minecraft:fern":3},"minecraft:broken":{"minecraft:stone_pickaxe":1}},"DataVersion":3465}