{"stats":{"minecraft:picked_up":{"minecraft:smooth_basalt":2,"minecraft:crafting_table":2,"minecraft:stick":3,"minecraft:raw_iron":3,"minecraft:feather":2,"minecraft:pumpkin":2,"minecraft:andesite":3,"minecraft:jungle_log":2,"minecraft:oak_log":7,"minecraft:diorite":1,"minecraft:string":1,"minecraft:spider_eye":1,"minecraft:bone":2,"minecraft:arrow":1,"minecraft:bow":1,"minecraft:wheat_seeds":3,"minecraft:granite":1,"minecraft:melon_slice":28,"minecraft:coal":103,"minecraft:cobblestone":92,"minecraft:furnace":1},"minecraft:dropped":{"minecraft:cobblestone":16,"minecraft:pumpkin":1},"minecraft:used":{"minecraft:wooden_axe":4,"minecraft:stone_sword":22,"minecraft:melon_slice":26,"minecraft:stone_pickaxe":124,"minecraft:baked_potato":1,"minecraft:iron_pickaxe":13,"minecraft:wooden_pickaxe":10,"minecraft:torch":23,"minecraft:wooden_sword":26,"minecraft:cobblestone":39,"minecraft:crafting_table":5,"minecraft:furnace":2,"minecraft:granite":1},"minecraft:custom":{"minecraft:time_since_rest":21713,"minecraft:interact_with_furnace":6,"minecraft:sprint_one_cm":46262,"minecraft:damage_taken":950,"minecraft:walk_one_cm":112563,"minecraft:mob_kills":8,"minecraft:drop":2,"minecraft:damage_dealt":1354,"minecraft:interact_with_crafting_table":13,"minecraft:fly_one_cm":25626,"minecraft:open_chest":2,"minecraft:crouch_one_cm":2569,"minecraft:play_time":30637,"minecraft:deaths":1,"minecraft:sneak_time":952,"minecraft:walk_under_water_one_cm":605,"minecraft:jump":335,"minecraft:walk_on_water_one_cm":113,"minecraft:time_since_death":21226,"minecraft:climb_one_cm":6858,"minecraft:total_world_time":30637,"minecraft:fall_one_cm":14194},"minecraft:crafted":{"minecraft:wooden_sword":1,"minecraft:oak_planks":28,"minecraft:crafting_table":4,"minecraft:baked_potato":1,"minecraft:stick":24,"minecraft:iron_ingot":3,"minecraft:wooden_pickaxe":1,"minecraft:iron_pickaxe":1,"minecraft:stone_pickaxe":1,"minecraft:wooden_axe":1,"minecraft:stone_sword":1,"minecraft:furnace":1,"minecraft:torch":52,"minecraft:jungle_planks":6},"minecraft:killed":{"minecraft:skeleton":3,"minecraft:zombie":2,"minecraft:spider":2,"naturalist:cardinal":1},"minecraft:mined":{"minecraft:furnace":1,"minecraft:iron_ore":3,"minecraft:jungle_leaves":2,"minecraft:andesite":3,"minecraft:pumpkin":1,"minecraft:crafting_table":2,"minecraft:granite":1,"minecraft:grass":4,"minecraft:oak_log":7,"minecraft:coal_ore":55,"minecraft:melon":6,"minecraft:vine":2,"minecraft:jungle_log":2,"minecraft:dirt":1,"minecraft:smooth_basalt":2,"minecraft:stone":72,"minecraft:diorite":1,"minecraft:oak_leaves":2,"minecraft:fern":3}},"DataVersion":3465}