{"stats":{"minecraft:picked_up":{"minecraft:raw_iron":3,"minecraft:andesite":3,"minecraft:jungle_log":2,"minecraft:oak_log":7,"minecraft:diorite":1,"minecraft:spider_eye":1,"minecraft:bow":1,"minecraft:wheat_seeds":3,"minecraft:granite":1,"minecraft:melon_slice":28,"minecraft:coal":54,"minecraft:cobblestone":11},"minecraft:used":{"minecraft:melon_slice":15,"minecraft:stone_pickaxe":64,"minecraft:wooden_pickaxe":10,"minecraft:torch":16,"minecraft:wooden_sword":26,"minecraft:cobblestone":6,"minecraft:crafting_table":3},"minecraft:custom":{"minecraft:time_since_rest":9713,"minecraft:sprint_one_cm":25748,"minecraft:damage_taken":695,"minecraft:walk_one_cm":65737,"minecraft:mob_kills":4,"minecraft:damage_dealt":745,"minecraft:interact_with_crafting_table":5,"minecraft:fly_one_cm":18241,"minecraft:open_chest":2,"minecraft:crouch_one_cm":148,"minecraft:play_time":18637,"minecraft:deaths":1,"minecraft:sneak_time":392,"minecraft:jump":231,"minecraft:time_since_death":9226,"minecraft:climb_one_cm":6858,"minecraft:total_world_time":18637,"minecraft:fall_one_cm":10910},"minecraft:crafted":{"minecraft:wooden_sword":1,"minecraft:oak_planks":28,"minecraft:crafting_table":3,"minecraft:stick":12,"minecraft:wooden_pickaxe":1,"minecraft:stone_pickaxe":1,"minecraft:wooden_axe":1,"minecraft:torch":18},"minecraft:killed":{"minecraft:skeleton":2,"minecraft:zombie":1,"minecraft:spider":1},"minecraft:mined":{"minecraft:iron_ore":3,"minecraft:jungle_leaves":2,"minecraft:andesite":3,"minecraft:granite":1,"minecraft:grass":4,"minecraft:oak_log":7,"minecraft:coal_ore":54,"minecraft:melon":6,"minecraft:vine":2,"minecraft:jungle_log":2,"minecraft:dirt":1,"minecraft:stone":12,"minecraft:diorite":1,"minecraft:oak_leaves":2,"minecraft:fern":3}},"DataVersion":3465}