{"stats":{"minecraft:picked_up":{"minecraft:seagrass":2,"minecraft:crafting_table":12,"minecraft:wheat":244,"minecraft:string":2,"minecraft:moss_carpet":2,"ecologics:walnut_sapling":1,"minecraft:cobbled_deepslate":35,"minecraft:beef":29,"minecraft:azalea":1,"minecraft:poppy":1,"naturalist:catfish":1,"minecraft:melon_slice":34,"minecraft:birch_sapling":4,"minecraft:furnace":10,"minecraft:raw_iron":39,"minecraft:stick":29,"minecraft:acacia_fence":2,"ecologics:coconut_slice":2,"minecraft:torch":4,"minecraft:porkchop":3,"minecraft:diorite":1,"minecraft:redstone":28,"minecraft:arrow":10,"minecraft:rotten_flesh":12,"minecraft:cooked_cod":12,"minecraft:beetroot_seeds":12,"minecraft:hay_block":37,"minecraft:mutton":3,"minecraft:white_wool":6,"minecraft:rail":6,"minecraft:cobblestone":148,"minecraft:birch_log":13,"ecologics:walnut":5,"minecraft:feather":2,"minecraft:cooked_beef":4,"minecraft:andesite":18,"minecraft:jungle_log":2,"alexsmobs:bison_fur":7,"minecraft:tuff":1,"minecraft:oak_log":51,"minecraft:lily_pad":1,"minecraft:yellow_bed":1,"minecraft:cobblestone_stairs":2,"minecraft:lapis_lazuli":9,"naturalist:bass":2,"minecraft:bone":6,"minecraft:bow":1,"minecraft:wheat_seeds":544,"minecraft:raw_gold":1,"minecraft:iron_ingot":3,"minecraft:oak_planks":134,"minecraft:scaffolding":2,"minecraft:smooth_basalt":2,"minecraft:pumpkin":2,"minecraft:dandelion":1,"minecraft:gravel":2,"minecraft:jungle_planks":1,"minecraft:white_bed":2,"minecraft:spruce_log":1,"naturalist:cooked_bass":2,"minecraft:spider_eye":3,"minecraft:pumpkin_seeds":4,"minecraft:slime_ball":1,"minecraft:granite":1,"minecraft:golden_horse_armor":1,"minecraft:emerald":2,"minecraft:baked_potato":2,"minecraft:oak_sapling":29,"minecraft:melon_seeds":2,"minecraft:coal":262},"minecraft:killed_by":{"iceandfire:gorgon":1},"minecraft:dropped":{"minecraft:wheat_seeds":292,"minecraft:cooked_beef":1,"minecraft:golden_horse_armor":1,"ecologics:coconut_slice":2,"minecraft:feather":2,"minecraft:cobblestone":16,"ecologics:walnut_sapling":1,"minecraft:rail":6,"alexsmobs:bison_fur":7,"minecraft:stick":12,"minecraft:cobblestone_stairs":2,"minecraft:diorite":1,"minecraft:wooden_axe":1,"minecraft:seagrass":2,"minecraft:wooden_sword":1,"minecraft:pumpkin":2,"minecraft:iron_pickaxe":1,"minecraft:string":1,"minecraft:dandelion":1,"minecraft:smooth_basalt":2,"minecraft:gravel":1,"minecraft:moss_carpet":2,"minecraft:cobbled_deepslate":28,"minecraft:stone_sword":1,"alexsmobs:animal_dictionary":1,"minecraft:wheat":4,"minecraft:rotten_flesh":5,"minecraft:white_bed":1,"minecraft:pumpkin_seeds":4,"minecraft:andesite":18,"minecraft:beetroot_seeds":12,"minecraft:melon_seeds":2,"minecraft:azalea":1,"minecraft:spider_eye":2,"minecraft:bow":1,"minecraft:wooden_pickaxe":1},"minecraft:used":{"naturalist:catfish":1,"minecraft:stone_sword":55,"minecraft:iron_sword":177,"minecraft:torch":122,"minecraft:mutton":2,"minecraft:jungle_planks":1,"naturalist:cooked_bass":2,"minecraft:tuff":1,"minecraft:granite":1,"minecraft:iron_hoe":566,"minecraft:wooden_axe":5,"minecraft:iron_helmet":1,"minecraft:cooked_cod":6,"minecraft:furnace":14,"minecraft:cooked_beef":13,"minecraft:water_bucket":24,"minecraft:oak_planks":8,"minecraft:birch_planks":2,"minecraft:stone_pickaxe":131,"minecraft:baked_potato":4,"minecraft:wooden_pickaxe":12,"minecraft:crafting_table":17,"minecraft:white_bed":2,"minecraft:apple":3,"minecraft:bread":8,"minecraft:melon_slice":26,"minecraft:iron_pickaxe":245,"minecraft:stone_axe":21,"minecraft:wooden_sword":26,"minecraft:cobblestone":57,"minecraft:cooked_porkchop":3,"minecraft:bucket":25,"minecraft:oak_boat":2},"minecraft:custom":{"minecraft:mob_kills":40,"minecraft:interact_with_crafting_table":63,"minecraft:open_barrel":4,"minecraft:time_since_death":58800,"minecraft:climb_one_cm":10708,"minecraft:sprint_one_cm":373692,"minecraft:walk_one_cm":596479,"minecraft:drop":57,"minecraft:talked_to_villager":4,"minecraft:play_time":150637,"minecraft:deaths":6,"minecraft:sneak_time":1570,"minecraft:walk_under_water_one_cm":26053,"minecraft:boat_one_cm":164057,"minecraft:jump":1804,"minecraft:walk_on_water_one_cm":32306,"minecraft:total_world_time":150637,"minecraft:interact_with_furnace":76,"minecraft:traded_with_villager":2,"minecraft:sleep_in_bed":3,"minecraft:time_since_rest":11160,"minecraft:damage_taken":2147483647,"minecraft:damage_dealt":8503,"minecraft:swim_one_cm":23276,"minecraft:fly_one_cm":219143,"minecraft:open_chest":8,"minecraft:crouch_one_cm":4194,"minecraft:fall_one_cm":52632,"minecraft:horse_one_cm":208705},"minecraft:killed":{"minecraft:spider":3,"minecraft:slime":1,"minecraft:skeleton":7,"naturalist:coral_snake":1,"alexsmobs:bison":3,"naturalist:cardinal":1,"minecraft:turtle":1,"alexsmobs:skelewag":1,"minecraft:pig":2,"minecraft:creeper":1,"minecraft:sheep":3,"alexsmobs:catfish":1,"naturalist:catfish":1,"minecraft:zombie":10,"iceandfire:sea_serpent":1},"minecraft:crafted":{"minecraft:wooden_sword":1,"minecraft:oak_planks":120,"minecraft:furnace":5,"minecraft:iron_boots":1,"minecraft:iron_axe":1,"minecraft:iron_hoe":1,"minecraft:stone_pickaxe":1,"minecraft:wheat":82,"minecraft:cooked_beef":10,"minecraft:cooked_porkchop":3,"minecraft:crafting_table":5,"minecraft:spruce_planks":4,"minecraft:wooden_pickaxe":1,"minecraft:baked_potato":2,"minecraft:iron_helmet":1,"minecraft:iron_sword":2,"minecraft:bucket":1,"minecraft:hay_block":4,"minecraft:birch_planks":52,"minecraft:stone_axe":1,"minecraft:bread":115,"minecraft:jungle_planks":6,"minecraft:oak_boat":2,"minecraft:iron_chestplate":2,"minecraft:stick":48,"minecraft:iron_ingot":54,"minecraft:iron_pickaxe":3,"minecraft:wooden_axe":1,"minecraft:stone_sword":1,"minecraft:iron_leggings":1,"minecraft:white_bed":1,"minecraft:torch":128},"minecraft:mined":{"minecraft:tuff":1,"minecraft:white_bed":2,"minecraft:sculk_vein":23,"minecraft:jungle_leaves":2,"minecraft:glow_lichen":1,"minecraft:granite":1,"minecraft:grass_block":4,"minecraft:jungle_planks":1,"minecraft:jungle_log":2,"minecraft:hay_block":35,"minecraft:furnace":9,"minecraft:iron_ore":31,"minecraft:andesite":18,"minecraft:pumpkin":1,"minecraft:deepslate_lapis_ore":1,"minecraft:azure_bluet":1,"minecraft:deepslate_iron_ore":11,"minecraft:vine":2,"minecraft:stone":134,"minecraft:deepslate_redstone_ore":11,"minecraft:acacia_leaves":1,"minecraft:scaffolding":2,"minecraft:dandelion":2,"minecraft:crafting_table":13,"minecraft:torch":2,"minecraft:emerald_ore":2,"minecraft:poppy":2,"minecraft:melon":7,"minecraft:sculk_sensor":3,"minecraft:tall_grass":8,"minecraft:cobblestone":3,"minecraft:deepslate_gold_ore":1,"minecraft:sculk":165,"minecraft:diorite":1,"naturalist:duckweed":1,"minecraft:wheat":275,"minecraft:spruce_log":1,"minecraft:yellow_bed":2,"minecraft:grass":61,"minecraft:oak_log":7,"minecraft:coal_ore":126,"minecraft:acacia_fence":2,"minecraft:dirt":2,"minecraft:cobweb":1,"minecraft:smooth_basalt":2,"minecraft:oak_leaves":3,"minecraft:deepslate":25,"minecraft:fern":3},"minecraft:broken":{"minecraft:iron_chestplate":1,"minecraft:stone_pickaxe":1,"minecraft:iron_pickaxe":1}},"DataVersion":3465}