{"stats":{"minecraft:crafted":{"minecraft:wooden_sword":1,"minecraft:oak_planks":148,"minecraft:birch_boat":1,"minecraft:furnace":6,"minecraft:iron_boots":1,"minecraft:iron_axe":1,"minecraft:iron_hoe":1,"minecraft:stone_pickaxe":2,"minecraft:wheat":191,"minecraft:cooked_beef":10,"minecraft:cooked_porkchop":3,"minecraft:crafting_table":10,"minecraft:spruce_planks":8,"minecraft:iron_helmet":1,"minecraft:wooden_pickaxe":2,"minecraft:baked_potato":2,"minecraft:iron_sword":4,"minecraft:bucket":1,"minecraft:hay_block":4,"minecraft:birch_planks":64,"minecraft:stone_axe":1,"minecraft:bread":165,"minecraft:jungle_planks":6,"minecraft:oak_boat":2,"minecraft:wooden_hoe":1,"minecraft:iron_chestplate":2,"minecraft:stick":108,"minecraft:iron_ingot":54,"minecraft:iron_pickaxe":4,"minecraft:wooden_axe":2,"minecraft:stone_sword":1,"minecraft:iron_leggings":1,"minecraft:white_bed":1,"minecraft:torch":292},"minecraft:used":{"naturalist:catfish":1,"minecraft:stone_sword":55,"iceandfire:silver_sword":14,"mowziesmobs:umvuthana_mask_misery":1,"minecraft:iron_sword":526,"minecraft:torch":159,"minecraft:mutton":2,"minecraft:dirt":5,"minecraft:jungle_planks":1,"naturalist:cooked_bass":2,"minecraft:tuff":1,"minecraft:granite":1,"minecraft:iron_hoe":566,"minecraft:wooden_axe":16,"minecraft:lava_bucket":1,"minecraft:iron_helmet":1,"minecraft:stripped_mangrove_log":1,"minecraft:cooked_cod":6,"minecraft:furnace":15,"minecraft:cooked_beef":13,"minecraft:wheat_seeds":67,"minecraft:water_bucket":31,"minecraft:baked_potato":4,"minecraft:birch_planks":14,"minecraft:oak_planks":12,"minecraft:stone_pickaxe":151,"minecraft:birch_boat":1,"minecraft:wooden_pickaxe":15,"minecraft:crafting_table":22,"minecraft:white_bed":4,"minecraft:oak_log":1,"minecraft:wooden_hoe":5,"minecraft:apple":3,"minecraft:bread":63,"minecraft:melon_slice":28,"minecraft:iron_pickaxe":314,"minecraft:gravel":2,"minecraft:stone_axe":56,"minecraft:wooden_sword":26,"minecraft:cobblestone":57,"minecraft:cooked_porkchop":3,"minecraft:bucket":32,"minecraft:yellow_bed":3,"minecraft:oak_boat":2},"minecraft:killed_by":{"iceandfire:gorgon":1},"minecraft:broken":{"minecraft:iron_chestplate":1,"minecraft:stone_pickaxe":1,"minecraft:iron_sword":1,"minecraft:iron_pickaxe":1},"minecraft:killed":{"naturalist:rattlesnake":1,"minecraft:spider":3,"minecraft:slime":1,"naturalist:snail":1,"naturalist:coral_snake":1,"minecraft:skeleton":10,"alexsmobs:bison":3,"naturalist:cardinal":1,"minecraft:turtle":1,"alexsmobs:skelewag":1,"naturalist:giraffe":1,"mowziesmobs:umvuthana":13,"minecraft:pig":2,"minecraft:creeper":1,"iceandfire:cockatrice":1,"alexsmobs:emu":2,"minecraft:sheep":4,"alexsmobs:catfish":1,"minecraft:pillager":25,"minecraft:zombie":21,"naturalist:catfish":1,"alexsmobs:gazelle":2,"alexsmobs:fly":1,"iceandfire:sea_serpent":1},"minecraft:picked_up":{"minecraft:seagrass":2,"minecraft:crafting_table":13,"minecraft:wheat":282,"minecraft:chainmail_boots":3,"minecraft:stone_brick_wall":2,"minecraft:gold_block":1,"minecraft:stripped_mangrove_log":1,"alexsmobs:gazelle_horn":1,"minecraft:string":2,"minecraft:moss_carpet":2,"minecraft:armor_stand":2,"ecologics:walnut_sapling":1,"minecraft:cobbled_deepslate":35,"minecraft:beef":29,"minecraft:iron_nugget":9,"minecraft:azalea":1,"minecraft:poppy":3,"naturalist:catfish":1,"minecraft:melon_slice":38,"minecraft:coal_block":1,"minecraft:birch_sapling":4,"minecraft:furnace":10,"minecraft:stick":32,"minecraft:raw_iron":45,"minecraft:acacia_fence":2,"minecraft:oak_door":1,"ecologics:coconut_slice":2,"minecraft:torch":11,"minecraft:porkchop":3,"minecraft:diorite":1,"minecraft:redstone":28,"minecraft:arrow":10,"minecraft:rotten_flesh":21,"minecraft:cooked_cod":12,"minecraft:beetroot_seeds":12,"minecraft:hay_block":50,"alexsmobs:emu_egg":1,"minecraft:saddle":1,"minecraft:mutton":6,"minecraft:rail":6,"minecraft:white_wool":7,"minecraft:cobblestone":159,"minecraft:birch_log":16,"ecologics:walnut":5,"minecraft:feather":5,"minecraft:cooked_beef":4,"minecraft:andesite":18,"minecraft:jungle_log":3,"alexsmobs:bison_fur":7,"minecraft:tuff":1,"minecraft:chainmail_chestplate":3,"minecraft:oak_log":59,"minecraft:lily_pad":1,"minecraft:yellow_bed":4,"minecraft:cobblestone_stairs":2,"minecraft:wooden_hoe":1,"minecraft:lapis_lazuli":9,"minecraft:dirt":5,"minecraft:lantern":1,"naturalist:bass":2,"minecraft:bone":7,"minecraft:bow":1,"minecraft:wheat_seeds":686,"minecraft:raw_gold":1,"minecraft:iron_ingot":11,"minecraft:acacia_sapling":2,"minecraft:oak_planks":134,"mowziesmobs:umvuthana_mask_misery":2,"minecraft:scaffolding":2,"minecraft:smooth_basalt":2,"minecraft:pumpkin":2,"minecraft:raw_iron_block":2,"minecraft:dandelion":2,"minecraft:gravel":4,"minecraft:jungle_planks":1,"minecraft:white_bed":4,"minecraft:spruce_log":2,"naturalist:cooked_bass":2,"minecraft:spider_eye":3,"minecraft:pumpkin_seeds":4,"minecraft:slime_ball":1,"iceandfire:silver_sword":1,"minecraft:crossbow":1,"minecraft:chainmail_leggings":3,"minecraft:iron_helmet":1,"minecraft:bread":32,"minecraft:granite":1,"minecraft:bone_meal":1,"minecraft:spruce_sign":11,"minecraft:chainmail_helmet":4,"minecraft:golden_horse_armor":1,"minecraft:emerald":2,"minecraft:baked_potato":2,"minecraft:oak_sapling":29,"minecraft:netherrack":3,"minecraft:melon_seeds":2,"minecraft:coal":319},"minecraft:custom":{"minecraft:mob_kills":104,"minecraft:animals_bred":1,"minecraft:interact_with_crafting_table":75,"minecraft:open_barrel":5,"minecraft:damage_dealt_resisted":128,"minecraft:leave_game":2,"minecraft:time_since_death":22970,"minecraft:damage_resisted":123,"minecraft:climb_one_cm":14334,"minecraft:sprint_one_cm":732142,"minecraft:walk_one_cm":983725,"minecraft:drop":83,"minecraft:talked_to_villager":9,"minecraft:play_time":251535,"minecraft:sneak_time":1784,"minecraft:deaths":13,"minecraft:walk_under_water_one_cm":26522,"minecraft:boat_one_cm":320072,"minecraft:jump":3987,"minecraft:walk_on_water_one_cm":43238,"minecraft:total_world_time":251535,"minecraft:interact_with_furnace":80,"minecraft:traded_with_villager":2,"minecraft:sleep_in_bed":8,"minecraft:time_since_rest":19880,"minecraft:damage_taken":2147483647,"minecraft:damage_dealt":19999,"minecraft:swim_one_cm":25536,"minecraft:fly_one_cm":603722,"minecraft:open_chest":30,"minecraft:crouch_one_cm":4879,"minecraft:fall_one_cm":143712,"minecraft:horse_one_cm":472790},"minecraft:dropped":{"minecraft:bread":49,"minecraft:wheat_seeds":299,"minecraft:cooked_beef":1,"minecraft:golden_horse_armor":1,"minecraft:crafting_table":1,"ecologics:coconut_slice":2,"minecraft:feather":2,"minecraft:cobblestone":16,"ecologics:walnut_sapling":1,"minecraft:chainmail_helmet":2,"minecraft:rail":6,"alexsmobs:bison_fur":7,"minecraft:stick":15,"minecraft:cobblestone_stairs":2,"minecraft:diorite":1,"minecraft:wooden_hoe":2,"minecraft:wooden_axe":1,"minecraft:seagrass":2,"minecraft:bone_meal":1,"minecraft:wooden_sword":1,"minecraft:pumpkin":2,"minecraft:iron_pickaxe":1,"minecraft:chainmail_leggings":1,"minecraft:string":1,"minecraft:white_wool":1,"minecraft:dandelion":2,"minecraft:smooth_basalt":2,"minecraft:gravel":1,"minecraft:moss_carpet":2,"minecraft:stone_sword":1,"alexsmobs:animal_dictionary":1,"minecraft:cobbled_deepslate":28,"minecraft:wheat":4,"minecraft:rotten_flesh":6,"minecraft:iron_hoe":1,"minecraft:white_bed":1,"minecraft:chainmail_chestplate":1,"minecraft:pumpkin_seeds":4,"minecraft:poppy":2,"minecraft:acacia_sapling":1,"minecraft:andesite":18,"minecraft:beetroot_seeds":12,"minecraft:melon_seeds":2,"minecraft:chainmail_boots":1,"minecraft:azalea":1,"minecraft:spider_eye":2,"minecraft:bamboo":1,"minecraft:bow":1,"minecraft:wooden_pickaxe":2,"minecraft:acacia_fence":2,"minecraft:netherrack":3},"minecraft:mined":{"minecraft:tuff":1,"minecraft:white_bed":4,"minecraft:sculk_vein":23,"minecraft:jungle_leaves":2,"minecraft:glow_lichen":1,"minecraft:dark_oak_fence":6,"minecraft:granite":1,"minecraft:acacia_log":14,"minecraft:grass_block":8,"minecraft:jungle_planks":1,"minecraft:jungle_log":2,"minecraft:coal_block":1,"minecraft:hay_block":48,"minecraft:raw_iron_block":2,"minecraft:furnace":9,"minecraft:iron_ore":37,"minecraft:andesite":18,"minecraft:pumpkin":1,"minecraft:deepslate_lapis_ore":1,"minecraft:azure_bluet":1,"minecraft:gold_block":3,"minecraft:deepslate_iron_ore":11,"minecraft:vine":3,"minecraft:stone":147,"minecraft:deepslate_redstone_ore":11,"minecraft:acacia_leaves":8,"minecraft:scaffolding":2,"minecraft:dandelion":2,"minecraft:oak_fence":1,"minecraft:crafting_table":13,"minecraft:torch":10,"minecraft:emerald_ore":2,"minecraft:poppy":2,"minecraft:melon":8,"minecraft:sculk_sensor":3,"minecraft:copper_ore":1,"minecraft:tall_grass":22,"minecraft:cobblestone":3,"minecraft:deepslate_gold_ore":1,"minecraft:sculk":165,"minecraft:diorite":1,"minecraft:seagrass":1,"naturalist:duckweed":1,"minecraft:birch_log":3,"minecraft:wheat":317,"minecraft:spruce_log":2,"minecraft:yellow_bed":5,"minecraft:grass":163,"minecraft:oak_log":19,"minecraft:coal_ore":188,"minecraft:acacia_fence":2,"minecraft:dirt":4,"minecraft:cobweb":1,"minecraft:smooth_basalt":2,"minecraft:netherrack":4,"minecraft:oak_leaves":7,"minecraft:deepslate":25,"minecraft:fern":4}},"DataVersion":3465}