{"stats":{"minecraft:picked_up":{"minecraft:birch_log":13,"minecraft:seagrass":2,"ecologics:walnut":5,"minecraft:crafting_table":7,"minecraft:cooked_beef":4,"minecraft:feather":2,"minecraft:jungle_log":2,"minecraft:andesite":18,"alexsmobs:bison_fur":7,"minecraft:lily_pad":1,"minecraft:oak_log":51,"minecraft:lapis_lazuli":1,"minecraft:string":1,"naturalist:bass":2,"minecraft:bone":4,"ecologics:walnut_sapling":1,"minecraft:bow":1,"minecraft:wheat_seeds":6,"minecraft:beef":29,"naturalist:catfish":1,"minecraft:melon_slice":28,"minecraft:birch_sapling":4,"minecraft:oak_planks":20,"minecraft:furnace":5,"minecraft:stick":18,"minecraft:raw_iron":14,"minecraft:smooth_basalt":2,"minecraft:pumpkin":2,"ecologics:coconut_slice":2,"minecraft:porkchop":3,"minecraft:diorite":1,"minecraft:spruce_log":1,"naturalist:cooked_bass":2,"minecraft:spider_eye":1,"minecraft:rotten_flesh":9,"minecraft:arrow":5,"minecraft:slime_ball":1,"minecraft:granite":1,"minecraft:golden_horse_armor":1,"minecraft:emerald":2,"minecraft:baked_potato":2,"minecraft:oak_sapling":29,"minecraft:mutton":3,"minecraft:coal":183,"minecraft:white_wool":6,"minecraft:cobblestone":144},"minecraft:dropped":{"minecraft:wheat_seeds":3,"minecraft:cooked_beef":1,"alexsmobs:animal_dictionary":1,"ecologics:coconut_slice":2,"minecraft:cobblestone":16,"ecologics:walnut_sapling":1,"alexsmobs:bison_fur":5,"minecraft:wooden_axe":1,"minecraft:seagrass":2,"minecraft:wooden_sword":1,"minecraft:pumpkin":1,"minecraft:bow":1,"minecraft:wooden_pickaxe":1},"minecraft:used":{"naturalist:catfish":1,"minecraft:stone_sword":55,"minecraft:stone_pickaxe":131,"minecraft:baked_potato":4,"minecraft:wooden_pickaxe":12,"minecraft:iron_sword":123,"minecraft:torch":38,"minecraft:mutton":2,"minecraft:crafting_table":9,"naturalist:cooked_bass":2,"minecraft:granite":1,"minecraft:wooden_axe":5,"minecraft:apple":3,"minecraft:melon_slice":26,"minecraft:iron_pickaxe":170,"minecraft:stone_axe":6,"minecraft:wooden_sword":26,"minecraft:cobblestone":39,"minecraft:furnace":8,"minecraft:cooked_porkchop":3,"minecraft:oak_boat":1,"minecraft:cooked_beef":12},"minecraft:custom":{"minecraft:interact_with_furnace":46,"minecraft:mob_kills":30,"minecraft:interact_with_crafting_table":29,"minecraft:open_barrel":3,"minecraft:time_since_death":11487,"minecraft:sleep_in_bed":2,"minecraft:climb_one_cm":8824,"minecraft:time_since_rest":11511,"minecraft:sprint_one_cm":252096,"minecraft:damage_taken":3652,"minecraft:walk_one_cm":354657,"minecraft:drop":13,"minecraft:damage_dealt":6241,"minecraft:swim_one_cm":22764,"minecraft:fly_one_cm":158780,"minecraft:open_chest":3,"minecraft:crouch_one_cm":3481,"minecraft:play_time":90637,"minecraft:deaths":5,"minecraft:sneak_time":1435,"minecraft:walk_under_water_one_cm":19283,"minecraft:boat_one_cm":144347,"minecraft:jump":1130,"minecraft:walk_on_water_one_cm":7639,"minecraft:total_world_time":90637,"minecraft:fall_one_cm":39954,"minecraft:horse_one_cm":5452},"minecraft:killed":{"minecraft:pig":2,"minecraft:spider":2,"minecraft:slime":1,"naturalist:coral_snake":1,"minecraft:sheep":3,"minecraft:skeleton":4,"alexsmobs:catfish":1,"minecraft:zombie":7,"naturalist:catfish":1,"alexsmobs:bison":3,"naturalist:cardinal":1,"alexsmobs:skelewag":1,"minecraft:turtle":1,"iceandfire:sea_serpent":1},"minecraft:crafted":{"minecraft:cooked_beef":10,"minecraft:wooden_sword":1,"minecraft:oak_planks":120,"minecraft:cooked_porkchop":3,"minecraft:crafting_table":4,"minecraft:spruce_planks":4,"minecraft:wooden_pickaxe":1,"minecraft:baked_potato":2,"minecraft:iron_sword":1,"minecraft:furnace":3,"minecraft:stone_axe":1,"minecraft:jungle_planks":6,"minecraft:oak_boat":1,"minecraft:iron_chestplate":1,"minecraft:stick":32,"minecraft:iron_ingot":14,"minecraft:iron_pickaxe":1,"minecraft:stone_pickaxe":1,"minecraft:wooden_axe":1,"minecraft:stone_sword":1,"minecraft:white_bed":1,"minecraft:torch":52},"minecraft:mined":{"minecraft:jungle_leaves":2,"minecraft:crafting_table":7,"minecraft:granite":1,"minecraft:emerald_ore":2,"minecraft:grass_block":4,"minecraft:melon":6,"minecraft:jungle_log":2,"minecraft:diorite":1,"minecraft:furnace":5,"naturalist:duckweed":1,"minecraft:iron_ore":14,"minecraft:spruce_log":1,"minecraft:andesite":18,"minecraft:pumpkin":1,"minecraft:yellow_bed":1,"minecraft:grass":8,"minecraft:coal_ore":126,"minecraft:oak_log":7,"minecraft:vine":2,"minecraft:dirt":2,"minecraft:smooth_basalt":2,"minecraft:stone":134,"minecraft:oak_leaves":2,"minecraft:fern":3},"minecraft:broken":{"minecraft:stone_pickaxe":1}},"DataVersion":3465}