{"stats":{"minecraft:picked_up":{"minecraft:crafting_table":2,"minecraft:feather":2,"minecraft:jungle_log":2,"minecraft:andesite":3,"minecraft:oak_log":7,"minecraft:string":1,"naturalist:bass":2,"minecraft:bone":2,"minecraft:bow":1,"minecraft:wheat_seeds":3,"naturalist:catfish":1,"minecraft:melon_slice":28,"minecraft:furnace":1,"minecraft:stick":3,"minecraft:raw_iron":5,"minecraft:smooth_basalt":2,"minecraft:pumpkin":2,"minecraft:porkchop":3,"minecraft:diorite":1,"minecraft:spider_eye":1,"minecraft:rotten_flesh":7,"minecraft:arrow":3,"minecraft:slime_ball":1,"minecraft:granite":1,"minecraft:emerald":1,"minecraft:baked_potato":2,"minecraft:coal":111,"minecraft:cobblestone":110},"minecraft:dropped":{"minecraft:cobblestone":16,"minecraft:pumpkin":1},"minecraft:used":{"naturalist:catfish":1,"minecraft:stone_sword":55,"minecraft:stone_pickaxe":131,"minecraft:baked_potato":4,"minecraft:wooden_pickaxe":12,"minecraft:torch":23,"minecraft:crafting_table":6,"minecraft:granite":1,"minecraft:wooden_axe":4,"minecraft:melon_slice":26,"minecraft:iron_pickaxe":34,"minecraft:wooden_sword":26,"minecraft:cobblestone":39,"minecraft:furnace":3},"minecraft:custom":{"minecraft:interact_with_furnace":13,"minecraft:mob_kills":17,"minecraft:interact_with_crafting_table":15,"minecraft:time_since_death":6603,"minecraft:climb_one_cm":7961,"minecraft:time_since_rest":6626,"minecraft:sprint_one_cm":77826,"minecraft:damage_taken":1230,"minecraft:walk_one_cm":184209,"minecraft:drop":2,"minecraft:damage_dealt":2733,"minecraft:swim_one_cm":9857,"minecraft:fly_one_cm":38821,"minecraft:open_chest":3,"minecraft:crouch_one_cm":2703,"minecraft:play_time":42637,"minecraft:deaths":2,"minecraft:sneak_time":1093,"minecraft:walk_under_water_one_cm":4622,"minecraft:jump":508,"minecraft:walk_on_water_one_cm":3748,"minecraft:total_world_time":42637,"minecraft:fall_one_cm":16794},"minecraft:killed":{"minecraft:pig":2,"minecraft:spider":2,"minecraft:slime":1,"minecraft:skeleton":3,"alexsmobs:catfish":1,"minecraft:zombie":5,"naturalist:catfish":1,"naturalist:cardinal":1},"minecraft:crafted":{"minecraft:wooden_sword":1,"minecraft:oak_planks":28,"minecraft:crafting_table":4,"minecraft:wooden_pickaxe":1,"minecraft:baked_potato":2,"minecraft:furnace":2,"minecraft:jungle_planks":6,"minecraft:stick":24,"minecraft:iron_ingot":3,"minecraft:iron_pickaxe":1,"minecraft:stone_pickaxe":1,"minecraft:wooden_axe":1,"minecraft:stone_sword":1,"minecraft:torch":52},"minecraft:mined":{"minecraft:jungle_leaves":2,"minecraft:crafting_table":2,"minecraft:granite":1,"minecraft:emerald_ore":1,"minecraft:melon":6,"minecraft:jungle_log":2,"minecraft:diorite":1,"minecraft:furnace":1,"minecraft:iron_ore":5,"minecraft:andesite":3,"minecraft:pumpkin":1,"minecraft:grass":4,"minecraft:coal_ore":63,"minecraft:oak_log":7,"minecraft:vine":2,"minecraft:dirt":1,"minecraft:smooth_basalt":2,"minecraft:stone":91,"minecraft:oak_leaves":2,"minecraft:fern":3},"minecraft:broken":{"minecraft:stone_pickaxe":1}},"DataVersion":3465}