{"stats":{"minecraft:picked_up":{"minecraft:birch_log":13,"minecraft:seagrass":2,"ecologics:walnut":5,"minecraft:crafting_table":8,"minecraft:cooked_beef":4,"minecraft:feather":2,"minecraft:jungle_log":2,"minecraft:andesite":18,"alexsmobs:bison_fur":7,"minecraft:lily_pad":1,"minecraft:oak_log":51,"minecraft:cobblestone_stairs":2,"minecraft:lapis_lazuli":9,"minecraft:string":2,"naturalist:bass":2,"minecraft:bone":4,"ecologics:walnut_sapling":1,"minecraft:bow":1,"minecraft:wheat_seeds":8,"minecraft:cobbled_deepslate":2,"minecraft:beef":29,"naturalist:catfish":1,"minecraft:melon_slice":28,"minecraft:birch_sapling":4,"minecraft:oak_planks":75,"minecraft:furnace":5,"minecraft:stick":18,"minecraft:raw_iron":28,"minecraft:smooth_basalt":2,"minecraft:pumpkin":2,"ecologics:coconut_slice":2,"minecraft:porkchop":3,"minecraft:diorite":1,"minecraft:spruce_log":1,"minecraft:pumpkin_seeds":4,"minecraft:cooked_cod":6,"naturalist:cooked_bass":2,"minecraft:spider_eye":1,"minecraft:rotten_flesh":10,"minecraft:arrow":5,"minecraft:slime_ball":1,"minecraft:beetroot_seeds":4,"minecraft:granite":1,"minecraft:golden_horse_armor":1,"minecraft:emerald":2,"minecraft:baked_potato":2,"minecraft:oak_sapling":29,"minecraft:melon_seeds":2,"minecraft:mutton":3,"minecraft:rail":6,"minecraft:coal":183,"minecraft:white_wool":6,"minecraft:cobblestone":147},"minecraft:killed_by":{"iceandfire:gorgon":1},"minecraft:dropped":{"minecraft:wheat_seeds":3,"minecraft:cooked_beef":1,"alexsmobs:animal_dictionary":1,"ecologics:coconut_slice":2,"minecraft:cobblestone":16,"ecologics:walnut_sapling":1,"alexsmobs:bison_fur":5,"minecraft:cobblestone_stairs":1,"minecraft:wooden_axe":1,"minecraft:seagrass":2,"minecraft:wooden_sword":1,"minecraft:pumpkin":1,"minecraft:bow":1,"minecraft:iron_pickaxe":1,"minecraft:wooden_pickaxe":1,"minecraft:smooth_basalt":2},"minecraft:used":{"naturalist:catfish":1,"minecraft:stone_sword":55,"minecraft:stone_pickaxe":131,"minecraft:baked_potato":4,"minecraft:wooden_pickaxe":12,"minecraft:iron_sword":142,"minecraft:torch":50,"minecraft:mutton":2,"minecraft:crafting_table":11,"naturalist:cooked_bass":2,"minecraft:granite":1,"minecraft:wooden_axe":5,"minecraft:apple":3,"minecraft:melon_slice":26,"minecraft:iron_pickaxe":196,"minecraft:stone_axe":7,"minecraft:wooden_sword":26,"minecraft:cobblestone":39,"minecraft:furnace":10,"minecraft:cooked_porkchop":3,"minecraft:oak_boat":2,"minecraft:cooked_beef":13},"minecraft:custom":{"minecraft:interact_with_furnace":50,"minecraft:mob_kills":32,"minecraft:interact_with_crafting_table":35,"minecraft:open_barrel":3,"minecraft:time_since_death":10800,"minecraft:sleep_in_bed":2,"minecraft:climb_one_cm":10688,"minecraft:time_since_rest":10904,"minecraft:sprint_one_cm":302853,"minecraft:damage_taken":2147483647,"minecraft:walk_one_cm":390261,"minecraft:drop":17,"minecraft:damage_dealt":6961,"minecraft:swim_one_cm":23276,"minecraft:fly_one_cm":186884,"minecraft:open_chest":4,"minecraft:crouch_one_cm":3704,"minecraft:play_time":102637,"minecraft:deaths":6,"minecraft:sneak_time":1494,"minecraft:walk_under_water_one_cm":19375,"minecraft:boat_one_cm":164057,"minecraft:jump":1292,"minecraft:walk_on_water_one_cm":9678,"minecraft:total_world_time":102637,"minecraft:fall_one_cm":42924,"minecraft:horse_one_cm":5452},"minecraft:killed":{"minecraft:pig":2,"minecraft:spider":2,"minecraft:slime":1,"minecraft:creeper":1,"naturalist:coral_snake":1,"minecraft:sheep":3,"minecraft:skeleton":4,"alexsmobs:catfish":1,"minecraft:zombie":8,"naturalist:catfish":1,"alexsmobs:bison":3,"naturalist:cardinal":1,"alexsmobs:skelewag":1,"minecraft:turtle":1,"iceandfire:sea_serpent":1},"minecraft:crafted":{"minecraft:cooked_beef":10,"minecraft:wooden_sword":1,"minecraft:oak_planks":120,"minecraft:cooked_porkchop":3,"minecraft:crafting_table":4,"minecraft:spruce_planks":4,"minecraft:wooden_pickaxe":1,"minecraft:baked_potato":2,"minecraft:iron_sword":1,"minecraft:furnace":5,"minecraft:stone_axe":1,"minecraft:jungle_planks":6,"minecraft:oak_boat":2,"minecraft:iron_chestplate":1,"minecraft:stick":32,"minecraft:iron_ingot":14,"minecraft:iron_pickaxe":2,"minecraft:stone_pickaxe":1,"minecraft:wooden_axe":1,"minecraft:stone_sword":1,"minecraft:white_bed":1,"minecraft:torch":52},"minecraft:mined":{"minecraft:deepslate_redstone_ore":5,"minecraft:jungle_leaves":2,"minecraft:crafting_table":8,"minecraft:granite":1,"minecraft:emerald_ore":2,"minecraft:grass_block":4,"minecraft:melon":6,"minecraft:jungle_log":2,"minecraft:cobblestone":2,"minecraft:diorite":1,"minecraft:furnace":5,"naturalist:duckweed":1,"minecraft:iron_ore":31,"minecraft:spruce_log":1,"minecraft:deepslate_lapis_ore":1,"minecraft:andesite":18,"minecraft:pumpkin":1,"minecraft:yellow_bed":1,"minecraft:grass":9,"minecraft:coal_ore":126,"minecraft:oak_log":7,"minecraft:vine":2,"minecraft:dirt":2,"minecraft:cobweb":1,"minecraft:smooth_basalt":2,"minecraft:stone":134,"minecraft:deepslate":1,"minecraft:oak_leaves":2,"minecraft:fern":3},"minecraft:broken":{"minecraft:stone_pickaxe":1,"minecraft:iron_chestplate":1}},"DataVersion":3465}