{"stats":{"minecraft:picked_up":{"minecraft:seagrass":2,"minecraft:crafting_table":10,"minecraft:string":2,"ecologics:walnut_sapling":1,"minecraft:cobbled_deepslate":28,"minecraft:beef":29,"naturalist:catfish":1,"minecraft:melon_slice":28,"minecraft:birch_sapling":4,"minecraft:furnace":9,"minecraft:raw_iron":29,"minecraft:stick":29,"ecologics:coconut_slice":2,"minecraft:torch":1,"minecraft:porkchop":3,"minecraft:diorite":1,"minecraft:redstone":28,"minecraft:arrow":9,"minecraft:rotten_flesh":12,"minecraft:cooked_cod":12,"minecraft:beetroot_seeds":12,"minecraft:mutton":3,"minecraft:white_wool":6,"minecraft:rail":6,"minecraft:cobblestone":148,"minecraft:birch_log":13,"ecologics:walnut":5,"minecraft:feather":2,"minecraft:cooked_beef":4,"minecraft:andesite":18,"minecraft:jungle_log":2,"alexsmobs:bison_fur":7,"minecraft:tuff":1,"minecraft:oak_log":51,"minecraft:lily_pad":1,"minecraft:cobblestone_stairs":2,"minecraft:lapis_lazuli":9,"naturalist:bass":2,"minecraft:bone":6,"minecraft:bow":1,"minecraft:wheat_seeds":8,"minecraft:raw_gold":1,"minecraft:oak_planks":75,"minecraft:smooth_basalt":2,"minecraft:pumpkin":2,"minecraft:gravel":1,"minecraft:spruce_log":1,"naturalist:cooked_bass":2,"minecraft:spider_eye":2,"minecraft:pumpkin_seeds":4,"minecraft:slime_ball":1,"minecraft:granite":1,"minecraft:golden_horse_armor":1,"minecraft:emerald":2,"minecraft:baked_potato":2,"minecraft:oak_sapling":29,"minecraft:melon_seeds":2,"minecraft:coal":244},"minecraft:killed_by":{"iceandfire:gorgon":1},"minecraft:dropped":{"minecraft:wheat_seeds":8,"minecraft:cooked_beef":1,"minecraft:golden_horse_armor":1,"ecologics:coconut_slice":2,"minecraft:feather":2,"minecraft:cobblestone":16,"ecologics:walnut_sapling":1,"minecraft:rail":6,"alexsmobs:bison_fur":7,"minecraft:stick":11,"minecraft:cobblestone_stairs":2,"minecraft:diorite":1,"minecraft:wooden_axe":1,"minecraft:seagrass":2,"minecraft:wooden_sword":1,"minecraft:pumpkin":2,"minecraft:iron_pickaxe":1,"minecraft:string":1,"minecraft:smooth_basalt":2,"minecraft:cobbled_deepslate":2,"minecraft:stone_sword":1,"alexsmobs:animal_dictionary":1,"minecraft:rotten_flesh":3,"minecraft:pumpkin_seeds":4,"minecraft:andesite":18,"minecraft:beetroot_seeds":12,"minecraft:melon_seeds":2,"minecraft:bow":1,"minecraft:wooden_pickaxe":1},"minecraft:used":{"naturalist:catfish":1,"minecraft:stone_sword":55,"minecraft:iron_sword":166,"minecraft:torch":79,"minecraft:mutton":2,"naturalist:cooked_bass":2,"minecraft:tuff":1,"minecraft:granite":1,"minecraft:wooden_axe":5,"minecraft:cooked_cod":5,"minecraft:furnace":13,"minecraft:cooked_beef":13,"minecraft:birch_planks":2,"minecraft:stone_pickaxe":131,"minecraft:baked_potato":4,"minecraft:wooden_pickaxe":12,"minecraft:crafting_table":12,"minecraft:apple":3,"minecraft:melon_slice":26,"minecraft:iron_pickaxe":227,"minecraft:stone_axe":9,"minecraft:wooden_sword":26,"minecraft:cobblestone":57,"minecraft:cooked_porkchop":3,"minecraft:oak_boat":2},"minecraft:custom":{"minecraft:mob_kills":37,"minecraft:interact_with_crafting_table":38,"minecraft:open_barrel":3,"minecraft:time_since_death":22800,"minecraft:climb_one_cm":10688,"minecraft:sprint_one_cm":326220,"minecraft:walk_one_cm":432164,"minecraft:drop":38,"minecraft:play_time":114637,"minecraft:deaths":6,"minecraft:sneak_time":1494,"minecraft:walk_under_water_one_cm":19375,"minecraft:boat_one_cm":164057,"minecraft:jump":1431,"minecraft:walk_on_water_one_cm":11645,"minecraft:total_world_time":114637,"minecraft:interact_with_furnace":59,"minecraft:sleep_in_bed":2,"minecraft:time_since_rest":22904,"minecraft:damage_taken":2147483647,"minecraft:damage_dealt":7902,"minecraft:swim_one_cm":23276,"minecraft:fly_one_cm":196941,"minecraft:open_chest":4,"minecraft:crouch_one_cm":3704,"minecraft:fall_one_cm":46094,"minecraft:horse_one_cm":5452},"minecraft:killed":{"minecraft:spider":3,"minecraft:slime":1,"minecraft:skeleton":6,"naturalist:coral_snake":1,"alexsmobs:bison":3,"naturalist:cardinal":1,"minecraft:turtle":1,"alexsmobs:skelewag":1,"minecraft:pig":2,"minecraft:creeper":1,"minecraft:sheep":3,"alexsmobs:catfish":1,"naturalist:catfish":1,"minecraft:zombie":9,"iceandfire:sea_serpent":1},"minecraft:crafted":{"minecraft:wooden_sword":1,"minecraft:oak_planks":120,"minecraft:furnace":5,"minecraft:iron_boots":1,"minecraft:stone_pickaxe":1,"minecraft:cooked_beef":10,"minecraft:cooked_porkchop":3,"minecraft:crafting_table":4,"minecraft:spruce_planks":4,"minecraft:wooden_pickaxe":1,"minecraft:baked_potato":2,"minecraft:iron_sword":1,"minecraft:birch_planks":52,"minecraft:stone_axe":1,"minecraft:jungle_planks":6,"minecraft:oak_boat":2,"minecraft:iron_chestplate":1,"minecraft:stick":40,"minecraft:iron_ingot":28,"minecraft:iron_pickaxe":3,"minecraft:wooden_axe":1,"minecraft:stone_sword":1,"minecraft:iron_leggings":1,"minecraft:white_bed":1,"minecraft:torch":128},"minecraft:mined":{"minecraft:tuff":1,"minecraft:jungle_leaves":2,"minecraft:glow_lichen":1,"minecraft:granite":1,"minecraft:grass_block":4,"minecraft:jungle_log":2,"minecraft:furnace":8,"minecraft:iron_ore":31,"minecraft:andesite":18,"minecraft:pumpkin":1,"minecraft:deepslate_lapis_ore":1,"minecraft:deepslate_iron_ore":1,"minecraft:vine":2,"minecraft:stone":134,"minecraft:deepslate_redstone_ore":11,"minecraft:crafting_table":10,"minecraft:emerald_ore":2,"minecraft:melon":6,"minecraft:cobblestone":3,"minecraft:deepslate_gold_ore":1,"minecraft:diorite":1,"naturalist:duckweed":1,"minecraft:spruce_log":1,"minecraft:yellow_bed":1,"minecraft:grass":9,"minecraft:oak_log":7,"minecraft:coal_ore":126,"minecraft:dirt":2,"minecraft:cobweb":1,"minecraft:smooth_basalt":2,"minecraft:oak_leaves":2,"minecraft:deepslate":18,"minecraft:fern":3},"minecraft:broken":{"minecraft:iron_chestplate":1,"minecraft:stone_pickaxe":1}},"DataVersion":3465}