{"stats":{"minecraft:picked_up":{"minecraft:birch_log":13,"ecologics:walnut":5,"minecraft:crafting_table":3,"minecraft:feather":2,"minecraft:jungle_log":2,"minecraft:andesite":3,"minecraft:oak_log":30,"minecraft:string":1,"naturalist:bass":2,"minecraft:bone":2,"ecologics:walnut_sapling":1,"minecraft:bow":1,"minecraft:wheat_seeds":3,"naturalist:catfish":1,"minecraft:melon_slice":28,"minecraft:birch_sapling":4,"minecraft:furnace":3,"minecraft:stick":18,"minecraft:raw_iron":14,"minecraft:smooth_basalt":2,"minecraft:pumpkin":2,"minecraft:porkchop":3,"minecraft:diorite":1,"minecraft:spruce_log":1,"naturalist:cooked_bass":2,"minecraft:spider_eye":1,"minecraft:rotten_flesh":7,"minecraft:arrow":3,"minecraft:slime_ball":1,"minecraft:granite":1,"minecraft:emerald":1,"minecraft:baked_potato":2,"minecraft:oak_sapling":14,"minecraft:coal":126,"minecraft:cobblestone":121},"minecraft:dropped":{"minecraft:cobblestone":16,"minecraft:pumpkin":1},"minecraft:used":{"naturalist:catfish":1,"minecraft:stone_sword":55,"minecraft:stone_pickaxe":131,"minecraft:baked_potato":4,"minecraft:wooden_pickaxe":12,"minecraft:iron_sword":2,"minecraft:torch":23,"minecraft:crafting_table":6,"naturalist:cooked_bass":1,"minecraft:granite":1,"minecraft:wooden_axe":5,"minecraft:apple":2,"minecraft:melon_slice":26,"minecraft:iron_pickaxe":63,"minecraft:stone_axe":1,"minecraft:wooden_sword":26,"minecraft:cobblestone":39,"minecraft:furnace":4,"minecraft:cooked_porkchop":3},"minecraft:custom":{"minecraft:interact_with_furnace":23,"minecraft:mob_kills":17,"minecraft:interact_with_crafting_table":20,"minecraft:open_barrel":3,"minecraft:time_since_death":4611,"minecraft:climb_one_cm":7961,"minecraft:time_since_rest":4730,"minecraft:sprint_one_cm":138636,"minecraft:damage_taken":1720,"minecraft:walk_one_cm":228007,"minecraft:drop":2,"minecraft:damage_dealt":2737,"minecraft:swim_one_cm":9857,"minecraft:fly_one_cm":73745,"minecraft:open_chest":3,"minecraft:crouch_one_cm":2932,"minecraft:play_time":54637,"minecraft:deaths":3,"minecraft:sneak_time":1137,"minecraft:walk_under_water_one_cm":4622,"minecraft:jump":658,"minecraft:walk_on_water_one_cm":3748,"minecraft:total_world_time":54637,"minecraft:fall_one_cm":21804,"minecraft:horse_one_cm":5452},"minecraft:killed":{"minecraft:pig":2,"minecraft:spider":2,"minecraft:slime":1,"minecraft:skeleton":3,"alexsmobs:catfish":1,"minecraft:zombie":5,"naturalist:catfish":1,"naturalist:cardinal":1},"minecraft:crafted":{"minecraft:wooden_sword":1,"minecraft:oak_planks":28,"minecraft:cooked_porkchop":3,"minecraft:crafting_table":4,"minecraft:spruce_planks":4,"minecraft:wooden_pickaxe":1,"minecraft:baked_potato":2,"minecraft:iron_sword":1,"minecraft:furnace":3,"minecraft:stone_axe":1,"minecraft:jungle_planks":6,"minecraft:stick":32,"minecraft:iron_ingot":5,"minecraft:iron_pickaxe":1,"minecraft:stone_pickaxe":1,"minecraft:wooden_axe":1,"minecraft:stone_sword":1,"minecraft:torch":52},"minecraft:mined":{"minecraft:jungle_leaves":2,"minecraft:crafting_table":3,"minecraft:granite":1,"minecraft:emerald_ore":1,"minecraft:melon":6,"minecraft:jungle_log":2,"minecraft:diorite":1,"minecraft:furnace":3,"minecraft:iron_ore":14,"minecraft:spruce_log":1,"minecraft:andesite":3,"minecraft:pumpkin":1,"minecraft:grass":5,"minecraft:coal_ore":73,"minecraft:oak_log":7,"minecraft:vine":2,"minecraft:dirt":1,"minecraft:smooth_basalt":2,"minecraft:stone":99,"minecraft:oak_leaves":2,"minecraft:fern":3},"minecraft:broken":{"minecraft:stone_pickaxe":1}},"DataVersion":3465}