{"stats":{"minecraft:picked_up":{"minecraft:jungle_log":2,"minecraft:wheat_seeds":1,"minecraft:oak_log":7,"minecraft:melon_slice":28},"minecraft:used":{"minecraft:melon_slice":3},"minecraft:custom":{"minecraft:time_since_rest":6637,"minecraft:play_time":6637,"minecraft:sprint_one_cm":15591,"minecraft:damage_taken":215,"minecraft:walk_one_cm":15078,"minecraft:jump":135,"minecraft:damage_dealt":25,"minecraft:time_since_death":6637,"minecraft:total_world_time":6637,"minecraft:climb_one_cm":5406,"minecraft:fly_one_cm":13999,"minecraft:fall_one_cm":6379},"minecraft:crafted":{"minecraft:oak_planks":28,"minecraft:crafting_table":1,"minecraft:stick":12},"minecraft:mined":{"minecraft:grass":1,"minecraft:oak_log":7,"minecraft:melon":6,"minecraft:vine":2,"minecraft:jungle_log":2,"minecraft:dirt":1,"minecraft:jungle_leaves":2,"minecraft:oak_leaves":2,"minecraft:fern":1}},"DataVersion":3465}