{"stats":{"minecraft:crafted":{"minecraft:oak_planks":152,"minecraft:birch_boat":1,"minecraft:bow":1,"minecraft:iron_boots":1,"minecraft:chest":1,"sophisticatedbackpacks:backpack":1,"minecraft:cooked_porkchop":3,"minecraft:crafting_table":19,"minecraft:spruce_planks":60,"minecraft:iron_helmet":1,"minecraft:wooden_pickaxe":2,"minecraft:baked_potato":2,"minecraft:hay_block":4,"minecraft:birch_planks":64,"minecraft:iron_chestplate":2,"minecraft:wooden_hoe":1,"minecraft:shield":1,"minecraft:stick":120,"minecraft:iron_ingot":54,"minecraft:iron_pickaxe":4,"minecraft:stone_sword":1,"minecraft:wooden_sword":1,"minecraft:furnace":6,"minecraft:iron_axe":1,"minecraft:iron_hoe":2,"minecraft:stone_pickaxe":2,"minecraft:wheat":191,"minecraft:cooked_beef":10,"minecraft:iron_sword":4,"minecraft:bucket":1,"minecraft:stone_axe":1,"minecraft:acacia_boat":3,"minecraft:bread":173,"minecraft:jungle_planks":6,"minecraft:oak_boat":3,"minecraft:wooden_axe":2,"minecraft:iron_leggings":1,"minecraft:white_bed":2,"minecraft:acacia_planks":68,"minecraft:torch":292},"minecraft:used":{"minecraft:shield":14,"minecraft:iron_sword":794,"minecraft:stripped_jungle_wood":4,"minecraft:mutton":2,"minecraft:jungle_planks":1,"naturalist:cooked_bass":2,"minecraft:tuff":1,"minecraft:obsidian":4,"minecraft:lava_bucket":1,"minecraft:iron_helmet":1,"minecraft:stripped_mangrove_log":1,"minecraft:bow":19,"minecraft:furnace":15,"minecraft:cooked_cod":6,"minecraft:oak_planks":34,"minecraft:stone_pickaxe":151,"minecraft:wooden_pickaxe":15,"minecraft:white_wool":2,"sophisticatedbackpacks:backpack":1,"minecraft:melon_slice":28,"minecraft:bread":151,"minecraft:gravel":2,"minecraft:wooden_sword":26,"minecraft:oak_boat":3,"naturalist:catfish":1,"minecraft:stone_sword":55,"iceandfire:silver_sword":14,"mowziesmobs:umvuthana_mask_misery":2,"minecraft:spruce_planks":26,"minecraft:torch":204,"minecraft:dirt":19,"minecraft:granite":1,"minecraft:iron_hoe":610,"minecraft:wooden_axe":16,"minecraft:iron_axe":109,"minecraft:cooked_beef":13,"minecraft:acacia_planks":36,"minecraft:wheat_seeds":91,"minecraft:acacia_boat":2,"minecraft:water_bucket":32,"minecraft:birch_planks":27,"minecraft:baked_potato":4,"minecraft:birch_boat":1,"iceandfire:crackled_stone":1,"minecraft:crafting_table":31,"minecraft:white_bed":6,"minecraft:oak_log":1,"minecraft:wooden_hoe":5,"minecraft:apple":3,"minecraft:iron_pickaxe":336,"iceandfire:ash":1,"minecraft:stone_axe":58,"minecraft:cobblestone":57,"minecraft:cooked_porkchop":3,"minecraft:bucket":34,"minecraft:yellow_bed":5},"minecraft:killed_by":{"iceandfire:gorgon":1,"mowziesmobs:umvuthana_crane":1},"minecraft:broken":{"minecraft:iron_boots":1,"minecraft:iron_chestplate":2,"minecraft:iron_leggings":1,"minecraft:stone_pickaxe":1,"minecraft:iron_sword":2,"minecraft:iron_pickaxe":1,"minecraft:iron_helmet":1},"minecraft:killed":{"naturalist:rattlesnake":1,"minecraft:spider":12,"naturalist:snail":1,"minecraft:skeleton":14,"alexsmobs:skelewag":1,"minecraft:turtle":1,"minecraft:pig":2,"alexsmobs:seal":1,"minecraft:creeper":2,"iceandfire:cockatrice":1,"minecraft:sheep":7,"minecraft:pillager":31,"minecraft:zombie":26,"alexsmobs:fly":1,"iceandfire:dread_ghoul":1,"takesapillage:archer":1,"iceandfire:sea_serpent":1,"minecraft:cow":5,"minecraft:slime":1,"naturalist:coral_snake":1,"alexsmobs:bison":3,"naturalist:cardinal":1,"mowziesmobs:umvuthana":24,"naturalist:giraffe":1,"mowziesmobs:umvuthana_follower_raptor":2,"alexsmobs:emu":2,"alexsmobs:catfish":1,"naturalist:catfish":1,"iceandfire:ghost":1,"alexsmobs:gazelle":2,"minecraft:enderman":1},"minecraft:picked_up":{"iceandfire:dread_stone_bricks":1,"minecraft:seagrass":2,"minecraft:wheat":309,"minecraft:chainmail_boots":3,"aether:iron_gloves":1,"alexsmobs:gazelle_horn":1,"minecraft:string":19,"minecraft:armor_stand":2,"minecraft:gold_nugget":48,"minecraft:cobbled_deepslate":35,"minecraft:spruce_planks":6,"minecraft:azalea":1,"minecraft:melon_slice":38,"minecraft:coal_block":1,"minecraft:furnace":11,"minecraft:stick":37,"minecraft:acacia_fence":2,"minecraft:torch":11,"minecraft:acacia_log":17,"minecraft:porkchop":3,"iceandfire:crackled_gravel":10,"minecraft:diorite":1,"minecraft:rotten_flesh":35,"alexsmobs:emu_egg":3,"minecraft:cobblestone":162,"minecraft:birch_log":16,"ecologics:walnut":5,"minecraft:feather":8,"minecraft:cooked_beef":4,"minecraft:andesite":18,"minecraft:jungle_log":3,"alexsmobs:bison_fur":7,"minecraft:tuff":1,"minecraft:lapis_lazuli":9,"minecraft:dirt":23,"minecraft:lantern":1,"minecraft:bone":10,"minecraft:acacia_planks":2,"minecraft:bow":1,"minecraft:wheat_seeds":819,"minecraft:raw_gold":1,"minecraft:oak_planks":142,"minecraft:jungle_planks":1,"minecraft:ink_sac":2,"iceandfire:chared_cobblestone":1,"iceandfire:crackled_stone":1,"minecraft:crossbow":1,"minecraft:granite":1,"minecraft:bone_meal":1,"minecraft:emerald":5,"minecraft:golden_horse_armor":1,"minecraft:spruce_sign":11,"minecraft:chainmail_helmet":4,"minecraft:bread":32,"minecraft:oak_sapling":29,"minecraft:netherrack":3,"iceandfire:raw_silver":2,"minecraft:crafting_table":14,"minecraft:stone_brick_wall":2,"minecraft:gold_block":1,"minecraft:stripped_mangrove_log":1,"minecraft:moss_carpet":2,"minecraft:iron_axe":1,"ecologics:walnut_sapling":1,"minecraft:beef":39,"minecraft:poppy":6,"minecraft:iron_nugget":9,"naturalist:catfish":1,"minecraft:birch_sapling":4,"minecraft:raw_iron":47,"minecraft:oak_door":1,"ecologics:coconut_slice":6,"sophisticatedbackpacks:backpack":2,"minecraft:redstone":28,"minecraft:dark_oak_planks":3,"minecraft:arrow":14,"minecraft:cooked_cod":12,"minecraft:beetroot_seeds":12,"minecraft:hay_block":83,"minecraft:saddle":1,"minecraft:mutton":10,"minecraft:white_wool":16,"minecraft:rail":6,"minecraft:leather":6,"minecraft:birch_planks":1,"minecraft:oak_log":60,"minecraft:chainmail_chestplate":3,"minecraft:lily_pad":1,"iceandfire:dread_stone_bricks_cracked":1,"minecraft:yellow_bed":5,"minecraft:cobblestone_stairs":2,"minecraft:wooden_hoe":1,"naturalist:bass":2,"minecraft:kelp":1,"minecraft:iron_ingot":11,"minecraft:iron_sword":1,"mowziesmobs:umvuthana_mask_misery":2,"minecraft:acacia_sapling":2,"iceandfire:crackled_cobblestone":1,"minecraft:scaffolding":2,"minecraft:smooth_basalt":2,"minecraft:pumpkin":2,"iceandfire:ash":1,"minecraft:dandelion":2,"minecraft:raw_iron_block":2,"minecraft:gravel":4,"minecraft:spruce_sapling":1,"minecraft:white_bed":5,"minecraft:spruce_log":15,"naturalist:cooked_bass":2,"minecraft:spider_eye":5,"minecraft:pumpkin_seeds":4,"minecraft:slime_ball":1,"minecraft:stone_axe":1,"iceandfire:silver_sword":1,"minecraft:chainmail_leggings":3,"minecraft:iron_helmet":1,"minecraft:stripped_jungle_wood":4,"minecraft:baked_potato":2,"minecraft:melon_seeds":2,"minecraft:coal":321},"minecraft:custom":{"minecraft:animals_bred":4,"minecraft:interact_with_crafting_table":98,"minecraft:open_barrel":7,"minecraft:leave_game":3,"minecraft:time_since_death":42651,"minecraft:damage_resisted":241,"minecraft:sprint_one_cm":1094907,"minecraft:damage_blocked_by_shield":305,"minecraft:drop":134,"minecraft:talked_to_villager":15,"minecraft:play_time":365248,"minecraft:deaths":16,"minecraft:jump":6673,"minecraft:walk_on_water_one_cm":58012,"minecraft:interact_with_furnace":81,"minecraft:traded_with_villager":2,"minecraft:sleep_in_bed":10,"minecraft:damage_dealt":29639,"minecraft:crouch_one_cm":5505,"minecraft:horse_one_cm":624485,"minecraft:mob_kills":155,"minecraft:damage_dealt_resisted":239,"minecraft:climb_one_cm":17094,"minecraft:walk_one_cm":1292930,"minecraft:damage_dealt_absorbed":39,"minecraft:sneak_time":2051,"minecraft:walk_under_water_one_cm":56552,"minecraft:boat_one_cm":527927,"minecraft:interact_with_blast_furnace":2,"minecraft:total_world_time":365248,"minecraft:time_since_rest":41520,"minecraft:damage_taken":2147483647,"minecraft:swim_one_cm":67713,"minecraft:fly_one_cm":1199200,"minecraft:open_chest":59,"minecraft:fall_one_cm":233992},"minecraft:dropped":{"minecraft:iron_sword":2,"iceandfire:raw_silver":1,"minecraft:birch_planks":2,"minecraft:cooked_beef":1,"minecraft:crafting_table":2,"ecologics:coconut_slice":6,"ecologics:walnut_sapling":1,"minecraft:rail":6,"alexsmobs:bison_fur":7,"minecraft:cobblestone_stairs":2,"minecraft:dirt":4,"minecraft:seagrass":2,"minecraft:wooden_sword":1,"minecraft:bone_meal":1,"minecraft:iron_pickaxe":1,"minecraft:white_wool":5,"minecraft:bone":2,"minecraft:gravel":2,"minecraft:stone_axe":2,"alexsmobs:gazelle_horn":1,"alexsmobs:animal_dictionary":1,"minecraft:cobbled_deepslate":28,"minecraft:wheat":6,"minecraft:rotten_flesh":26,"minecraft:oak_planks":8,"minecraft:white_bed":1,"minecraft:chainmail_chestplate":1,"minecraft:poppy":5,"minecraft:beetroot_seeds":12,"minecraft:melon_seeds":2,"minecraft:azalea":1,"minecraft:acacia_sapling":1,"minecraft:chainmail_boots":2,"minecraft:acacia_fence":2,"minecraft:netherrack":3,"minecraft:bread":49,"minecraft:wheat_seeds":415,"minecraft:golden_horse_armor":1,"minecraft:feather":2,"minecraft:cobblestone":16,"minecraft:chainmail_helmet":3,"minecraft:coal_block":1,"minecraft:stick":27,"minecraft:diorite":1,"minecraft:wooden_hoe":2,"minecraft:wooden_axe":1,"minecraft:pumpkin":2,"minecraft:iron_axe":1,"minecraft:chainmail_leggings":2,"minecraft:string":10,"minecraft:acacia_planks":2,"minecraft:dandelion":2,"minecraft:smooth_basalt":2,"minecraft:moss_carpet":2,"minecraft:kelp":1,"minecraft:stone_sword":1,"minecraft:iron_hoe":1,"iceandfire:troll_tusk":1,"minecraft:pumpkin_seeds":4,"aether:iron_gloves":1,"minecraft:andesite":18,"minecraft:oak_sapling":29,"minecraft:spider_eye":3,"minecraft:bamboo":1,"minecraft:bow":1,"minecraft:wooden_pickaxe":2,"minecraft:raw_gold":1},"minecraft:mined":{"minecraft:dark_oak_planks":3,"minecraft:spruce_planks":6,"minecraft:white_bed":5,"minecraft:sculk_vein":23,"minecraft:jungle_leaves":2,"minecraft:granite":1,"minecraft:acacia_log":31,"minecraft:grass_block":21,"minecraft:jungle_log":2,"minecraft:coal_block":1,"iceandfire:crackled_cobblestone":1,"minecraft:raw_iron_block":2,"minecraft:iron_ore":39,"minecraft:pumpkin":1,"minecraft:deepslate_lapis_ore":1,"minecraft:azure_bluet":1,"iceandfire:dread_stone_bricks_cracked":1,"iceandfire:chared_cobblestone":1,"minecraft:deepslate_redstone_ore":11,"minecraft:powder_snow":26,"minecraft:torch":10,"minecraft:poppy":3,"minecraft:melon":8,"minecraft:cobblestone":3,"minecraft:wall_torch":1,"minecraft:seagrass":1,"iceandfire:crackled_stone":1,"minecraft:birch_log":3,"minecraft:wheat":340,"minecraft:grass":238,"minecraft:oak_log":20,"minecraft:acacia_fence":3,"minecraft:dirt":11,"minecraft:smooth_basalt":2,"minecraft:netherrack":4,"iceandfire:dread_stone_bricks":3,"minecraft:oak_leaves":7,"minecraft:deepslate":25,"iceandfire:lightning_lily":1,"minecraft:tuff":1,"iceandfire:silver_ore":1,"minecraft:glow_lichen":1,"minecraft:dark_oak_fence":6,"minecraft:jungle_planks":1,"minecraft:stripped_jungle_wood":2,"minecraft:spruce_leaves":3,"minecraft:kelp":2,"minecraft:hay_block":81,"minecraft:furnace":10,"minecraft:andesite":18,"minecraft:gold_block":3,"minecraft:deepslate_iron_ore":11,"minecraft:vine":3,"minecraft:packed_ice":1,"minecraft:stone":154,"sophisticatedbackpacks:backpack":1,"minecraft:white_wool":3,"minecraft:acacia_leaves":8,"minecraft:scaffolding":2,"minecraft:dandelion":2,"minecraft:oak_fence":1,"minecraft:crafting_table":14,"minecraft:emerald_ore":2,"minecraft:sculk_sensor":3,"minecraft:tall_grass":23,"minecraft:copper_ore":1,"minecraft:deepslate_gold_ore":1,"minecraft:sculk":165,"minecraft:diorite":1,"naturalist:duckweed":1,"minecraft:acacia_fence_gate":1,"minecraft:spruce_log":16,"minecraft:yellow_bed":6,"minecraft:coal_ore":190,"minecraft:sunflower":2,"minecraft:cobweb":1,"minecraft:acacia_planks":1,"minecraft:fern":4}},"DataVersion":3465}