{
  "minecraft:adventure/root": {
    "criteria": {
      "killed_by_something": "2024-11-23 05:00:37 +0000"
    },
    "done": true
  },
  "minecraft:adventure/kill_a_mob": {
    "criteria": {
      "spider": "2024-11-23 05:02:11 +0000"
    },
    "done": true
  },
  "minecraft:adventure/kill_all_mobs": {
    "criteria": {
      "spider": "2024-11-23 05:02:11 +0000"
    },
    "done": false
  },
  "minecraft:adventure/adventuring_time": {
    "criteria": {
      "plains": "2024-11-23 04:57:49 +0000"
    },
    "done": false
  }
}